df2_title	df2_name_parts	df1_title	df1_name_parts
Abdul	{"given-name": "Abdul"}	abvdui	{"primary-name": "avdui"}
Tsipa Abelman	{"given-name": "Tsipa", "surname": "Abelman"}	tsye (tspurh) aveiman	{"primary-name": "tsye", "alternative-name": "tsypurh", "surname": "aveiman"}
Isaac Aberman	{"given-name": "Isaac", "surname": "Aberman"}	ytskhk (haver) averman	{"given-name": "ytskhk", "alternative-name": "haver", "surname": "avermn"}
Ida Abragam	{"given-name": "Ida", "surname": "Abragam"}	yd (eitenshteyn) avragam	{"given-name": "yd", "alternative-name": "eitenshteyn", "surname": "avragam"}
A. Abramov	{"given-name": "A.", "surname": "Abramov"}	 (brhm kagan) avramov	{"given-name": "brhm", "alternative-name": "kagan", "surname": "avamov", "acronym": ""}
Adolf Abramov	{"given-name": "Adolf", "surname": "Abramov"}	adoif (brhm perkof) avramov	{"given-name": "adoif", "alternative-name": "brhm perkof", "surname": "avramov"}
Boris Abramov	{"given-name": "Boris", "surname": "Abramov"}	vorys (eyniand) avramov	{"given-name": "vorys", "alternative-name": "eyniand", "surname": "avramov"}
Mary Abramov	{"given-name": "Mary", "surname": "Abramov"}	mery (mrym eynhorn) avramov	{"given-name": "mrym", "alternative-name": "mery", "surname": "avramov", "matronymic": "eynhorn"}
Bina Abramovich	{"given-name": "Bina", "surname": "Abramovich"}	vyne (uks) avramovytsh	{"given-name": "vyne", "alternative-name": "uks", "surname": "avramovytsh"}
Max Abramovich	{"given-name": "Max", "surname": "Abramovich"}	maks (mendi) avramovytsh	{"primary-name": "avramovytsh", "given-name": "maks", "alternative-name": "mendi"}
Adolph Abrams	{"given-name": "Adolph", "surname": "Abrams"}	adoif (vramovytsh) avrms	{"given-name": "adoif", "alternative-name": "vramovytsh", "surname": "avrms"}
Amelia Adler	{"given-name": "Amelia", "surname": "Adler"}	emyiye (shrh-myike shtang) adier	{"given-name": "emyiye", "alternative-name": "shrh-myike", "surname": "dier"}
Celia Adler	{"given-name": "Celia", "surname": "Adler"}	tsyie adier	{"given-name": "tsyie", "surname": "dir"}
Hyman Adler	{"given-name": "Hyman", "surname": "Adler"}	heyman (varteid) adier	{"primary-name": "heyman", "alternative-name": "varteid", "surname": "adier"}
Israel Adler	{"given-name": "Israel", "surname": "Adler"}	yshri adier	{"given-name": "yshri", "surname": "adir"}
Jacob P. Adler	{"given-name": "Jacob", "middle-name": "P.", "surname": "Adler"}	yekb p (yekb vn pnkhs) adier	{"given-name": "yekb", "alternative-name": "yekb", "surname": "adir", "patronymic": "bn nkhs"}
Sam Adler	{"given-name": "Sam", "surname": "Adler"}	sem adier	{"given-name": "sem", "surname": "dir"}
Yirmeyahu Adler	{"given-name": "Yirmeyahu", "surname": "Adler"}	yrmyhu (goidenverg-tversky) adier	{"primary-name": "yrmyhu", "alternative-name": "goidenverg-tversky", "surname": "adier"}
Nikolai Afrat	{"given-name": "Nikolai", "surname": "Afrat"}	nykoiey rs	{"primary-name": "nykey", "surname": "rs"}
Ch. Aleksandrov	{"given-name": "Ch.", "surname": "Aleksandrov"}	kh (vyiyam myier) oieksandrov	{"given-name": "vyiyam", "alternative-name": "myier", "surname": "oieksandrov", "salutation": "kh"}
Yehoshua Alkan	{"given-name": "Yehoshua", "surname": "Alkan"}	y (yhushe eikyn) aikon	{"given-name": "yhushe", "alternative-name": "eikyn", "acronym": "y"}
A. Almi	{"given-name": "A.", "surname": "Almi"}	 (iyhu kheym sheps) imy	{"given-name": "iyhu", "alternative-name": "sheps", "middle-name": "kheym", "acronym": ""}
Alex Amasia	{"given-name": "Alex", "surname": "Amasia"}	aieks (aieksander) amasya	{"given-name": "aieks", "alternative-name": "aieksander", "surname": "amasya"}
Hersh Amasia	{"given-name": "Hersh", "surname": "Amasia"}	hersh amasya	{"primary-name": "hersh amasya"}
Peter Amatin	{"given-name": "Peter", "surname": "Amatin"}	peter (pskh goidverg) amatyn	{"primary-name": "goidverg", "given-name": "pskh", "alternative-name": "peter", "surname": "amatyn"}
Golde Amzel	{"given-name": "Golde", "surname": "Amzel"}	goide (genya shneyder) amzei	{"given-name": "goide", "alternative-name": "genya", "surname": "shneyder", "patronymic": "amzei"}
Aniela	{"given-name": "Aniela"}	nyei (khnh kmpaneyets-poiyakov)	{"given-name": "khnh", "alternative-name": "nyei", "surname": "kmpaneyets-poiyakov"}
Z.I. Ankhi	{"given-name": "Z.I.", "surname": "Ankhi"}	z y (zimn ytskhk aronson) nkhy	{"given-name": "zimn", "middle-name": "ytskhk", "surname": "aronson", "acronym": "z y", "appellation": "nkhy"}
S. An-ski	{"given-name": "S.", "surname": "An-ski"}	sh (shimh-zanvi rapoport) an-sky	{"primary-name": "an-sky", "given-name": "shimh", "alternative-name": "zanvi", "surname": "rapopert", "acronym": "sh"}
Anna Appel	{"given-name": "Anna", "surname": "Appel"}	anna (verkovytsh) apei	{"given-name": "anna", "alternative-name": "verkovytsh", "surname": "opei"}
Isadore Appel	{"given-name": "Isadore", "surname": "Appel"}	yzydor (yapko) apei	{"primary-name": "aei", "given-name": "yzydor", "alternative-name": "ypko"}
Morris Appel	{"given-name": "Morris", "surname": "Appel"}	morys (apeioyg) apei	{"given-name": "morys", "alternative-name": "apeioyg", "surname": "apei"}
Sofia Apteiker	{"given-name": "Sofia", "surname": "Apteiker"}	soy (shrh reynd) apteyker	{"given-name": "shrh", "alternative-name": "soy", "surname": "apteyker"}
Itzhak Arco	{"given-name": "Itzhak", "surname": "Arco"}	ytskhk rk	{"given-name": "ytskhk", "surname": "rk"}
Manya Arco	{"given-name": "Manya", "surname": "Arco"}	manye (yshzon) arko	{"given-name": "manye", "alternative-name": "yshzon", "surname": "arko"}
Miriam Arnon	{"given-name": "Miriam", "surname": "Arnon"}	mrym (manye morguiys) arnon	{"given-name": "mrym", "alternative-name": "manye", "surname": "arnon"}
Sholem Asch	{"given-name": "Sholem", "surname": "Asch"}	shium ash	{"given-name": "shium", "surname": "sh"}
Jennie Atlas	{"given-name": "Jennie", "surname": "Atlas"}	dzheny atias	{"primary-name": "dzheny atias", "given-name": "dzheny", "surname": " "}
Boris Auerbach	{"given-name": "Boris", "surname": "Auerbach"}	vorys (bn-tsyun) oyervakh	{"given-name": "vorys", "alternative-name": "bn-tsyun", "surname": "oyervakh"}
Ephraim Auerbach	{"given-name": "Ephraim", "surname": "Auerbach"}	rym oyervakh	{"given-name": "rym", "surname": "oyrvakh"}
Annie Augenblick	{"given-name": "Annie", "surname": "Augenblick"}	eny (khnh soyver) oygenviyk	{"given-name": "khnh", "alternative-name": "eny", "surname": "oygenviyk", "matronymic": "soyver"}
Aneta Axelrad	{"given-name": "Aneta", "surname": "Axelrad"}	aneta (prener) akseird	{"given-name": "aneta", "alternative-name": "prener", "surname": "akseird"}
Avraham Axelrad	{"given-name": "Avraham", "surname": "Axelrad"}	brhm (brhm ytskhk) akseird	{"primary-name": "brhm", "given-name": "brhm", "alternative-name": "brhm ytskhk", "surname": "aksird"}
Minnie Axelrad	{"given-name": "Minnie", "surname": "Axelrad"}	myna (vieykhman) akseird	{"given-name": "myna", "alternative-name": "bieykhman", "surname": "akseird"}
Morris Axelrad	{"given-name": "Morris", "surname": "Axelrad"}	morys (meyr) akseird	{"given-name": "morys", "alternative-name": "meyr", "surname": "akseird"}
Rosa Axelrad	{"given-name": "Rosa", "surname": "Axelrad"}	roz akseird	{"given-name": "roz", "surname": "akseird"}
Rukhl Axelrad	{"given-name": "Rukhl", "surname": "Axelrad"}	rkhi (kohut) akseird	{"given-name": "rkhi", "alternative-name": "kohut", "surname": "akseird"}
Alexander Azro	{"given-name": "Alexander", "surname": "Azro"}	aieksander (oriyuk) zra	{"primary-name": "aieksander", "alternative-name": "oriyuk", "surname": "zra"}
Simcha Bader	{"given-name": "Simcha", "surname": "Bader"}	shmkhh (nyedzhevyetsky) vder	{"primary-name": "shmkhh", "alternative-name": "nyedzhevyetsky", "surname": "bder"}
Max Badin	{"given-name": "Max", "surname": "Badin"}	maks (muny vadyon) vadyn	{"given-name": "maks", "alternative-name": "muny", "surname": "vadyn", "patronymic": "vadyon"}
Belle Baker	{"given-name": "Belle", "surname": "Baker"}	vei veyker	{"primary-name": "vei veyker"}
Ben-Tsvi Baratov	{"surname": "Baratov", "patronymic": "Ben-Tsvi"}	vn-tsby (pavei vrener) varotov	{"given-name": "pavei", "alternative-name": "brener", "surname": "varotov", "patronymic": "bn-tsby"}
Sh. Barber	{"given-name": "Sh.", "surname": "Barber"}	sh (shmui verver) varver	{"given-name": "shmui", "alternative-name": "berver", "surname": "varver", "acronym": "sh"}
Misha Basin	{"given-name": "Misha", "surname": "Basin"}	myshe vsyn	{"given-name": "myshe", "surname": "vsyn"}
Rosa Becker	{"given-name": "Rosa", "surname": "Becker"}	roz (zyivert) veker	{"given-name": "roz", "alternative-name": "zyivert", "surname": "veker"}
Moses Eliezer Beilinson	{"given-name": "Moses", "middle-name": "Eliezer", "surname": "Beilinson"}	mshh-iyezr (veyiynson) veiynson	{"given-name": "mshh-iyezr", "alternative-name": "veyiynson", "surname": "veiynson"}
Anna Belegolovska	{"given-name": "Anna", "surname": "Belegolovska"}	anna (khnh) veigivska	{"given-name": "anna", "alternative-name": "khnh", "surname": "veigivska"}
Bella Bellarina	{"given-name": "Bella", "surname": "Bellarina"}	vei (ruvyniykht) veieryn	{"primary-name": "vei", "alternative-name": "ruvyniykht", "surname": "veieryn"}
Yasha Belzer	{"given-name": "Yasha", "surname": "Belzer"}	yasha (yekb veier) veitser	{"primary-name": "veitser", "given-name": "yekb", "alternative-name": "yash", "surname": "veier"}
Yudl Belzer	{"given-name": "Yudl", "surname": "Belzer"}	yudi (spyvak) veizer	{"given-name": "yudi", "alternative-name": "spyvak", "surname": "veizer"}
Ben-Ali	{"patronymic": "Ben-Ali"}	vn-iy (matyas grynverg)	{"given-name": "matyas", "surname": "grynverg", "patronymic": "bn-iy"}
Jacob Ben-Ami	{"given-name": "Jacob", "patronymic": "Ben-Ami"}	yekb (shtshyryn) vn-emy	{"given-name": "yekb", "alternative-name": "shtshyryn", "patronymic": "bn-emy"}
A.A. Ben-Gur	{"given-name": "A.A.", "patronymic": "Ben-Gur"}	  (hrn hurvytsh) vn-gur	{"given-name": "hrn", "surname": "hurvytsh", "patronymic": "bn gur", "honorific": ""}
Rudolf Berg	{"given-name": "Rudolf", "surname": "Berg"}	rudoif (zyiberberg) verg	{"primary-name": "rudoif", "alternative-name": "zyiberberg", "surname": "verg"}
Jacob Bergreen	{"given-name": "Jacob", "surname": "Bergreen"}	yekb (grynberg) vergryn	{"primary-name": "yekb", "alternative-name": "grynberg", "surname": "bergryn"}
Yosef Berkovitsh	{"given-name": "Yosef", "surname": "Berkovitsh"}	yusf (yuzhbu) verkovytsh	{"given-name": "yusf", "alternative-name": "yuzhbu", "surname": "verkovytsh"}
Henry Berman	{"given-name": "Henry", "surname": "Berman"}	henry (henekh veyiy) verman	{"given-name": "henry", "alternative-name": "henekh veyiy", "surname": "verman"}
Berel Bernardi	{"given-name": "Berel", "surname": "Bernardi"}	veri (top) vernard	{"given-name": "veri", "alternative-name": "top", "surname": "vernard"}
Helen Bernardi	{"given-name": "Helen", "surname": "Bernardi"}	heien (impei -- topf) vernardy	{"primary-name": "heien", "alternative-name": "impei", "surname": "bernardy"}
Berl Bernstein	{"given-name": "Berl", "surname": "Bernstein"}	veri (vurshtyn) vernshteyn	{"given-name": "beri", "alternative-name": "burshtyn", "surname": "bernshteyn"}
Yehoshua Bertanov	{"given-name": "Yehoshua", "surname": "Bertanov"}	yhushe (vyrtun) vertanov	{"primary-name": "yhushe", "alternative-name": "vyrtun", "surname": "vertonu"}
Misha Besarabov	{"given-name": "Misha", "surname": "Besarabov"}	myshe (yteison) vesaravov	{"given-name": "myshe", "alternative-name": "yteison", "surname": "vesaravov"}
Sally Beshtendig	{"given-name": "Sally", "surname": "Beshtendig"}	siy (shrh rbkh) veshtendyg	{"given-name": "siy", "alternative-name": "shrh rbkh", "surname": "beshtendyg"}
A.H. Bialin	{"given-name": "A.H.", "surname": "Bialin"}	 h vyaiyn	{"surname": "vyiyn", "acronym": " h"}
Roseta Bialis	{"given-name": "Roseta", "surname": "Bialis"}	rozet (vyisttsky) vyaiys	{"primary-name": "rozet", "alternative-name": "vyisttsky", "surname": "vyaiy"}
Chana Bialkowicz	{"given-name": "Chana", "surname": "Bialkowicz"}	khnh (rozentsveyg) vyaikovytsh	{"given-name": "khnh", "alternative-name": "rozentsveyg", "surname": "vyaikovytsh"}
Izrael Bialkowicz	{"given-name": "Izrael", "surname": "Bialkowicz"}	yshri vyaikovytsh	{"given-name": "yshri", "surname": "vyaikovytsh"}
Glika Bielavski	{"given-name": "Glika", "surname": "Bielavski"}	giyk (degenshteyn) vyeivsky	{"primary-name": "giyk", "alternative-name": "degenshteyn", "surname": "vyeivsky"}
L.S. Biely	{"given-name": "L.S.", "surname": "Biely"}	i s vyeiy	{"surname": "vyeiy", "acronym": "i s"}
David Birnbaum	{"given-name": "David", "surname": "Birnbaum"}	dud vyrnvoym	{"given-name": "dud", "surname": "byrnvoym"}
Joseph Birnbaum	{"given-name": "Joseph", "surname": "Birnbaum"}	yusf vyrnvoym	{"given-name": "yusf", "surname": "byrnvoym"}
Louis Birnbaum	{"given-name": "Louis", "surname": "Birnbaum"}	iuys (yekb ieyv) vyrnvoym	{"primary-name": "byrnvoym", "given-name": "yekb ieyv", "alternative-name": "iuys"}
Minnie Birnbaum	{"given-name": "Minnie", "surname": "Birnbaum"}	myny (myndi pyipei) vyrnvoym	{"given-name": "myny", "alternative-name": "myndi", "surname": "byrnvoym"}
Rosa Birnbaum	{"given-name": "Rosa", "surname": "Birnbaum"}	roz vyrnvoym	{"given-name": "roz", "surname": "byrnvoym"}
Fela Biro	{"given-name": "Fela", "surname": "Biro"}	ei vyr	{"primary-name": "ei vyr", "given-name": "ei", "surname": "byr"}
Katie Blackman	{"given-name": "Katie", "surname": "Blackman"}	keydy (keyie meyerovytsh) viakhman	{"given-name": "keydy", "alternative-name": "keyie", "surname": "viakhman"}
Betty Bleichman	{"given-name": "Betty", "surname": "Bleichman"}	vety (veyie kats) vieykhman	{"primary-name": "vety", "alternative-name": "veyie kats", "surname": "vieykhman"}
Itzhak Bliefeld	{"given-name": "Itzhak", "surname": "Bliefeld"}	ytskhk viyeid	{"given-name": "ytskhk", "surname": "biyeid"}
Chana Blum	{"given-name": "Chana", "surname": "Blum"}	khnh (khnh-viume tsentsyper) vium	{"given-name": "khnh", "alternative-name": "khnh-viume", "surname": "vium"}
Henry Blum	{"given-name": "Henry", "surname": "Blum"}	henry (heynrykh) vium	{"given-name": "henry", "alternative-name": "heynrykh", "surname": "bium"}
Sam Blum	{"given-name": "Sam", "surname": "Blum"}	sem (aieksander) vium	{"given-name": "sem", "alternative-name": "aieksander", "surname": "vium"}
Samuel Blum	{"given-name": "Samuel", "surname": "Blum"}	smuei (shmui) vium	{"given-name": "shmui", "alternative-name": "smui", "surname": "vium"}
Bontshe	{"given-name": "Bontshe"}	vontshe (abrhm rozeneid)	{"primary-name": "vontshe", "given-name": "abrhm", "alternative-name": "vontshe", "surname": "rozeneid"}
Ben Bonus	{"given-name": "Ben", "surname": "Bonus", "patronymic": "Ben"}	ven vonus	{"primary-name": "ven vonus"}
Frants Borits	{"given-name": "Frants", "surname": "Borits"}	rants (rym) voryts	{"primary-name": "rants", "given-name": "rym", "alternative-name": "rym", "surname": "voryts"}
Klara Borits	{"given-name": "Klara", "surname": "Borits"}	kiara (druker) voryts	{"given-name": "kiara", "alternative-name": "druker", "surname": "voryts"}
Berl Borodkin	{"given-name": "Berl", "surname": "Borodkin"}	veri (vardakyn) varodkyn	{"given-name": "veri", "alternative-name": "vardkyn", "surname": "varodkyn"}
Irena Bortshevska	{"given-name": "Irena", "surname": "Bortshevska"}	yren (dburh) vrtshevsk	{"primary-name": "yren", "alternative-name": "dburh", "surname": "brtshevsk"}
Anna Boym	{"given-name": "Anna", "surname": "Boym"}	nna (khnh poiakovsk) voym	{"primary-name": "nna", "given-name": "khnh", "alternative-name": "nna", "surname": "voym", "nisba": "poiakvsk"}
Chine Braginska	{"given-name": "Chine", "surname": "Braginska"}	khyne (yshzon) vragynska	{"given-name": "khyne", "alternative-name": "yshzon", "surname": "vragynska"}
Joseph Brandesko	{"given-name": "Joseph", "surname": "Brandesko"}	yusf (smoinyk) vrandesko	{"given-name": "yusf", "alternative-name": "smoinyk", "surname": "vrandesko"}
Yitzhak-Lipe Brill	{"given-name": "Yitzhak-Lipe", "surname": "Brill"}	(iyp) ytskhk-iype vryi	{"given-name": "ytskhk", "alternative-name": "iyp", "middle-name": "iype", "surname": "bryi"}
Alya Brin	{"given-name": "Alya", "surname": "Brin"}	iy (goide zeydiyn) vryn	{"primary-name": "iy", "alternative-name": "goide", "surname": "bryn", "matronymic": "zeydiyn"}
Roza Brin	{"given-name": "Roza", "surname": "Brin"}	roz (shkiyrzh) vryn	{"primary-name": "shkiyrzh", "given-name": "roz", "surname": "vryn"}
M.Z. Broida	{"given-name": "M.", "middle-name": "Z.", "surname": "Broida"}	m z (meyer gruzny) vroyd	{"alternative-name": "meyer gruzny", "surname": "broyd", "honorific": "m z"}
Esther Bronstein	{"given-name": "Esther", "surname": "Bronstein"}	ssr (stirsky) vronshteyn	{"given-name": "ssr", "alternative-name": "stirsky", "surname": "bronshteyn"}
Katie Brown	{"given-name": "Katie", "surname": "Brown"}	keyty (gyti vakon) vraun	{"given-name": "keyty", "alternative-name": "gyti", "surname": "vraun", "matronymic": "vakon"}
Rose Brown	{"given-name": "Rose", "surname": "Brown"}	roz (rkhi yzkson) vrun	{"given-name": "roz", "alternative-name": "rkhi", "surname": "vrun"}
Bessie Budanov	{"given-name": "Bessie", "surname": "Budanov"}	vesy (vudnyk) vudanov	{"given-name": "vesy", "alternative-name": "budnyk", "surname": "budanu"}
Celia Budkin	{"given-name": "Celia", "surname": "Budkin"}	tsyie (tsype mgyiner) vudkyn	{"given-name": "tsyie", "alternative-name": "tsype", "surname": "budkyn"}
Joseph Buloff	{"given-name": "Joseph", "surname": "Buloff"}	yusf (vuikyn) vuiov	{"given-name": "yusf", "alternative-name": "vuikyn", "surname": "vuiov"}
Karl Burovik	{"given-name": "Karl", "surname": "Burovik"}	kari (vtsii) vurovyk	{"given-name": "kari", "alternative-name": "vtsii", "surname": "burovyk"}
Mina Burshtin	{"given-name": "Mina", "surname": "Burshtin"}	myna (haipern) vurshtyn	{"given-name": "myna", "alternative-name": "haipern", "surname": "burshtyn"}
Chaver-Paver	{"given-name": "Chaver", "surname": "Paver"}	khaver-paver (grshun eynvynder)	{"given-name": "grshun", "alternative-name": "khaver-paver", "surname": "eynvynder"}
Jack Cherish	{"given-name": "Jack", "surname": "Cherish"}	dzhek (ytskhk-yekb khrsh) tsherysh	{"given-name": "ytskhk-yekb", "alternative-name": "dzhek", "surname": "tsherysh", "patronymic": "khrsh"}
Annie Cherniak	{"given-name": "Annie", "surname": "Cherniak"}	eny (eynman) tshernyak	{"primary-name": "tshernyak", "given-name": "eny", "alternative-name": "eynman"}
Manya Chizhik	{"given-name": "Manya", "surname": "Chizhik"}	manya (yrshteneid) tshyzhyk	{"given-name": "manya", "alternative-name": "yrshteneid", "surname": "tshyzhyk"}
S.H. Cohen	{"given-name": "S.", "middle-name": "H.", "surname": "Cohen"}	s h (nudeiman) kohn	{"given-name": "nudeiman", "surname": "kuhn", "honorific": "s h"}
H.A. Condell	{"given-name": "H.A.", "surname": "Condell"}	h  (kohn) kandei	{"alternative-name": "kohn", "surname": "kandei", "honorific": "h "}
Betty Dalska	{"given-name": "Betty", "surname": "Dalska"}	vety (bratsiavska) daiska	{"given-name": "vety", "alternative-name": "bratsiavska", "surname": "daiska"}
David Dank	{"given-name": "David", "surname": "Dank"}	dud (tsvybeisharf) denk	{"given-name": "dud", "alternative-name": "tsvybeisharf", "surname": "denk"}
Wolf Darelin	{"given-name": "Wolf", "surname": "Darelin"}	voif (eyznshteyn) dreiyn	{"primary-name": "dreiyn", "given-name": "voif", "alternative-name": "eyznshteyn"}
Chana Dashkevitsh	{"given-name": "Chana", "surname": "Dashkevitsh"}	khnh (edeiman) dashkevytsh	{"given-name": "khnh", "alternative-name": "edeiman", "surname": "dashkevytsh"}
Mikhl Davidzon	{"given-name": "Mikhl", "surname": "Davidzon"}	dud (ygnatovsky) ygnatov	{"given-name": "dud", "alternative-name": "ygnatvsky", "surname": "ygntv"}
Harry A. Dell	{"given-name": "Harry", "middle-name": "A.", "surname": "Dell"}	hery  (daietytsky dei	{"given-name": "hery", "alternative-name": "dei", "surname": "daietytsky", "acronym": ""}
Joseph Desser	{"given-name": "Joseph", "surname": "Desser"}	yozef (yusf-kheym) desser	{"primary-name": "yozef", "alternative-name": "yusf-kheym", "surname": "desser"}
Itzhak Deytsh	{"given-name": "Itzhak", "surname": "Deytsh"}	ytskhk (soiomyanyk) deytsh	{"given-name": "ytskhk", "alternative-name": "soiomyanyk", "surname": "deytsh"}
Sam Diamont	{"given-name": "Sam", "surname": "Diamont"}	sem (goiubak) deymnt	{"primary-name": "sem", "alternative-name": "goiubak", "surname": "deymnt"}
Isaac Meir Dick	{"given-name": "Isaac", "middle-name": "Meir", "surname": "Dick"}	eyzyk (ytskhk) myr dyk	{"given-name": "eyzyk", "alternative-name": "ytskhk", "middle-name": "myr", "surname": "dyk"}
Jacob Dineson	{"given-name": "Jacob", "surname": "Dineson"}	yekb dynezon	{"given-name": "yekb", "surname": "dynezun"}
Simcha Dinman	{"given-name": "Simcha", "surname": "Dinman"}	shmkhh dynman (dyiman)	{"given-name": "shmkhh", "alternative-name": "dyiman", "surname": "dynman"}
Rubin Doctor	{"given-name": "Rubin", "professional-name": "Doctor"}	ruvyn (rubn) doktor	{"given-name": "rubn", "alternative-name": "ruvyn", "professional-name": "doktor"}
Elza Dorf	{"given-name": "Elza", "surname": "Dorf"}	eiza dorf	{"primary-name": "eiza dorf"}
Ethel Dorf	{"given-name": "Ethel", "surname": "Dorf"}	eti (epeibiat) dorf	{"primary-name": "eti", "alternative-name": "epeibiat", "surname": "dorf"}
Nathan Dranov	{"given-name": "Nathan", "surname": "Dranov"}	natan (nysn) dranov	{"primary-name": "dranu vu", "given-name": "ntan", "alternative-name": "nysn", "surname": "drnu"}
Nadya Dranova	{"given-name": "Nadya", "surname": "Dranova"}	nadya (gresye meytus) dranov	{"given-name": "nadya", "alternative-name": "gresye", "surname": "dranov"}
Dora Dubinska	{"given-name": "Dora", "surname": "Dubinska"}	dora (rabvryn) duvynska	{"given-name": "dora", "alternative-name": "rabvryn", "surname": "duvynska"}
Osip Dymow	{"given-name": "Osip", "surname": "Dymow"}	osyp (yusf periman) dymov	{"given-name": "osyp", "alternative-name": "yusf", "surname": "periman", "patronymic": "dymov"}
Pauline Edelstein	{"given-name": "Pauline", "surname": "Edelstein"}	pauiyna (ynkeishteyn) edeishteyn	{"given-name": "pauiyna", "alternative-name": "ynkeishteyn", "surname": "edeishteyn"}
Chaim Ehrenreich	{"given-name": "Chaim", "surname": "Ehrenreich"}	kheym e(h)renreykh	{"primary-name": "e(h)renreykh", "given-name": "kheym", "surname": "e(h)renreykh"}
Mordechai Ehrlich	{"given-name": "Mordechai", "surname": "Ehrlich"}	mrdkhy eriykh	{"given-name": "mrdkhy", "surname": "eriykh"}
Eva Eisen-Orenstein	{"given-name": "Eva", "surname": "Eisen-Orenstein"}	ev eyzen-orenshteyn	{"primary-name": "ev eyzen-orenshteyn", "given-name": "ev", "surname": "orenshteyn"}
Moshe Elbaum	{"given-name": "Moshe", "surname": "Elbaum"}	mshh eivyum	{"given-name": "mshh", "surname": "eivyum"}
Isidore Elgard	{"given-name": "Isidore", "surname": "Elgard"}	yzydor (ytskhk-ieyv) eigard	{"primary-name": "eigard", "given-name": "ytskhk-ieyv", "alternative-name": "yzydor"}
Manye Elgard	{"given-name": "Manye", "surname": "Elgard"}	manye (mrym vuber) eigard	{"given-name": "mrym", "alternative-name": "manye", "surname": "eigard", "matronymic": "bs buber"}
Elisheva	{"given-name": "Elisheva"}	eiysheva (sheva vokshteyn)	{"given-name": "eiysheva", "alternative-name": "sheva", "surname": "vokshteyn"}
Mischa Elman	{"given-name": "Mischa", "surname": "Elman"}	mysha (morys hyiman) eiman	{"given-name": "mysha", "alternative-name": "morys", "surname": "eiman"}
Heshl Epelberg	{"given-name": "Heshl", "surname": "Epelberg"}	heshi ep(p)eiverg	{"primary-name": "heshi ep(p)eiverg"}
B. Eppelbaum	{"given-name": "B.", "surname": "Eppelbaum"}	v (mnkhm-verysh) epeivyum	{"given-name": "mnkhm", "alternative-name": "berysh", "surname": "epeivyum", "salutation": "v"}
Wiliam Epstein	{"given-name": "Wiliam", "surname": "Epstein"}	vyiyam (hii) epshteyn	{"given-name": "vyiyam", "alternative-name": "hii", "surname": "epshteyn"}
Annie Erber	{"given-name": "Annie", "surname": "Erber"}	eny (rankenverg) erver	{"primary-name": "eny", "alternative-name": "rankenverg", "surname": "erver"}
Julius Erber	{"given-name": "Julius", "surname": "Erber"}	dzushiyus (ykhyi) erver	{"primary-name": "dzushiyus", "alternative-name": "ykhyi", "surname": "erver"}
Sofia Erdi	{"given-name": "Sofia", "surname": "Erdi"}	soya (garynkei) erdy	{"given-name": "soya", "alternative-name": "garynkei", "surname": "erdy"}
Max Erik	{"given-name": "Max", "middle-name": "Erik"}	maks (zimn merkyn) eryk	{"given-name": "maks", "alternative-name": "zimn", "surname": "merkyn", "patronymic": "eryk"}
Eygenfeld	{"surname": "Eygenfeld"}	eygeneid (erver)	{"primary-name": "eygeneid", "alternative-name": "erver"}
David Fachler	{"given-name": "David", "surname": "Fachler"}	dud akhier	{"given-name": "dud", "surname": "fokhier"}
Ayzik Feder	{"given-name": "Ayzik", "surname": "Feder"}	eyzyk (edoresky) eder	{"given-name": "eyzyk", "alternative-name": "edoresky", "surname": "eder"}
Sam Ferkauf	{"given-name": "Sam", "surname": "Ferkauf"}	sem (shmui-beri) erkoyf	{"given-name": "shmui-beri", "alternative-name": "sem", "surname": "erkoyf"}
Samuel Fisher	{"given-name": "Samuel", "surname": "Fisher"}	samuei (shui-pnkhs) ysher	{"primary-name": "ysher", "given-name": "samui", "alternative-name": "shui-pnkhs"}
[?] Fleisig	{"given-name": "?", "surname": "Fleisig"}	ieysyg ()	{"primary-name": "ieysyg", "surname": "ieysyg"}
Chana Frank	{"given-name": "Chana", "surname": "Frank"}	khnh (eynvynder) renk	{"primary-name": "khnh", "alternative-name": "eynvynder", "surname": "renk"}
Nathan Frank	{"given-name": "Nathan", "surname": "Frank"}	neytan (hsiy) renk	{"given-name": "neytn", "alternative-name": "hsiy", "surname": "renk"}
Anna Freeman	{"given-name": "Anna", "surname": "Freeman"}	anna (hokhverger) reyman	{"given-name": "anna", "alternative-name": "hokhverger", "surname": "reyman"}
Louis Freiman	{"given-name": "Louis", "surname": "Freiman"}	iuys (ieyzer genyuk) reyman	{"given-name": "iuys", "alternative-name": "ieyzer", "surname": "reyman", "matronymic": "genyuk"}
Sara Fridman	{"given-name": "Sara", "surname": "Fridman"}	sara (shrh gievytska) rydman	{"given-name": "sara", "alternative-name": "shrh", "surname": "rydman", "matronymic": "gievytska"}
Y. Fried	{"given-name": "Y.", "surname": "Fried"}	y ryd	{"surname": "ryd", "acronym": "y"}
Albert Friedman	{"given-name": "Albert", "surname": "Friedman"}	aibert (veivi-aiter) rydman	{"given-name": "aibert", "alternative-name": "veivi-aiter", "surname": "rydman"}
Lara Friedman	{"given-name": "Lara", "surname": "Friedman"}	iara (ih veyntroyv) rydman	{"given-name": "ih", "alternative-name": "iara", "surname": "rydman", "matronymic": "veyntroyv"}
Louis Friedsell	{"given-name": "Louis", "surname": "Friedsell"}	iuys rydzei	{"given-name": "iuys", "surname": "rydzei"}
Yakov Fuchs	{"given-name": "Yakov", "surname": "Fuchs"}	yekb uks	{"given-name": "yekb", "surname": "uks"}
Harry Gabel	{"given-name": "Harry", "surname": "Gabel"}	hery gevyi	{"primary-name": "hery gevyi", "given-name": "hery", "surname": "gevyi"}
Max Gabel	{"given-name": "Max", "surname": "Gabel"}	maks (mnkhm-mendei gevyi	{"given-name": "mnkhm-mendei", "alternative-name": "maks", "surname": "gevyi"}
Polia Galinski	{"given-name": "Polia", "surname": "Galinski"}	piy (shiugiyt) gaiynsky	{"primary-name": "gaiynsky", "given-name": "poiy", "alternative-name": "shiugiyt", "surname": "gaiynsky"}
Jacob Gartenstein	{"given-name": "Jacob", "surname": "Gartenstein"}	yekb (hrtenshteyn) gartensheeyn	{"given-name": "yekb", "alternative-name": "hrtenshteyn", "surname": "gartensheeyn"}
Roza Gazel	{"given-name": "Roza", "surname": "Gazel"}	roza (znyk) gzei	{"given-name": "roza", "alternative-name": "znyk", "surname": "gazei"}
Marcus Gazovsky	{"given-name": "Marcus", "surname": "Gazovsky"}	markus (mendeie) gazovsky	{"given-name": "markus", "alternative-name": "mendeie", "surname": "gazvsky"}
Lucy German	{"given-name": "Lucy", "surname": "German"}	iusy (iosha kutner) german	{"given-name": "iosha", "alternative-name": "iusy", "surname": "german", "patronymic": "kutner"}
Misha German	{"given-name": "Misha", "surname": "German"}	myshe (herman) german	{"given-name": "myshe", "alternative-name": "herman", "surname": "german"}
M. Gershoy	{"given-name": "M.", "surname": "Gershoy"}	m (mshh gershoyg) gershoy	{"given-name": "mshh", "alternative-name": "gershoy", "surname": "gershoyg", "acronym": "m"}
Sam Gerstenzang	{"given-name": "Sam", "surname": "Gerstenzang"}	sem (shmui) gershtenzang	{"given-name": "shmui", "alternative-name": "sem", "surname": "gershtenzang"}
Jennie Gertner	{"given-name": "Jennie", "surname": "Gertner"}	dzheny (sheyndi shtern) gertner	{"given-name": "dzheny", "alternative-name": "sheyndi", "surname": "gertner"}
M. Gertz	{"given-name": "M.", "surname": "Gertz"}	m (moshkovytsh) gerts	{"alternative-name": "moshkovytsh", "surname": "gerts", "acronym": "m"}
Jan Getsman	{"given-name": "Jan", "surname": "Getsman"}	zhan (shmui yekb) getsman	{"given-name": "shmui", "alternative-name": "zhan", "middle-name": "yekb", "surname": "getsman"}
Michael Gibson	{"given-name": "Michael", "surname": "Gibson"}	mykhi (gzhybovytsh) gyvson	{"given-name": "mykhi", "alternative-name": "gzhybovytsh", "surname": "gyvson"}
Yaakov Ber Gimpel	{"given-name": "Yaakov", "middle-name": "Ber", "surname": "Gimpel"}	yekb-ver gympei	{"primary-name": "yekb-ver"}
Sara Ginter	{"given-name": "Sara", "surname": "Ginter"}	sara (meysterman) gynter	{"given-name": "sara", "alternative-name": "meysterman", "surname": "gynter"}
Sonya Gintsburg	{"given-name": "Sonya", "surname": "Gintsburg"}	sonya (shrh tshereshnya) gyntsvurg	{"given-name": "sonya", "alternative-name": "shrh tshereshnya", "surname": "gyntsvurg"}
Barukh Glazman	{"given-name": "Barukh", "surname": "Glazman"}	naum (nkhmn giazman) giazunov	{"primary-name": "naum", "alternative-name": "nkhmn giazman", "surname": "giazunov"}
Betty Glazunov	{"given-name": "Betty", "surname": "Glazunov"}	vetye (buntse teykyn) giazunov	{"given-name": "vetye", "alternative-name": "buntse teykyn", "surname": "giazunov"}
Malvina Glikman	{"given-name": "Malvina", "surname": "Glikman"}	maivyne (iksboym) giykman	{"primary-name": "giykman", "given-name": "maivyne", "alternative-name": "iksboym"}
Stefanie Glimer	{"given-name": "Stefanie", "surname": "Glimer"}	steanye (shteyf) giymer	{"given-name": "steanye", "alternative-name": "shteyf", "surname": "giymer"}
Clara Gold	{"given-name": "Clara", "surname": "Gold"}	kiara (biank) goid	{"primary-name": "kiara", "alternative-name": "biank", "surname": "goid"}
Herman Gold	{"given-name": "Herman", "surname": "Gold"}	herman (hii gurny) goid	{"primary-name": "herman", "alternative-name": "hii gurny", "surname": "goid"}
Leon Gold	{"given-name": "Leon", "surname": "Gold"}	ien (ieyveie goidvog) goid	{"given-name": "ieyveie", "alternative-name": "ien", "surname": "goid", "patronymic": "goidvog"}
Nyusya Gold	{"given-name": "Nyusya", "surname": "Gold"}	nyusya (mysy doidberg) goid	{"given-name": "nyusya", "alternative-name": "mysy", "surname": "goid"}
Stella Gold	{"given-name": "Stella", "surname": "Gold"}	steia (toitse shtoitsengoid) goid	{"given-name": "steia", "alternative-name": "toitse shtoitsengoid", "surname": "goid"}
Tsila Gold	{"given-name": "Tsila", "surname": "Gold"}	tsyie (tsbyh grut) goid	{"given-name": "tsbyh", "alternative-name": "tsyie", "surname": "goid", "matronymic": "grut"}
Louis Goldberg	{"given-name": "Louis", "surname": "Goldberg"}	iuys (ieybush) goidverg	{"given-name": "iuys", "alternative-name": "ieybush", "surname": "goidverg"}
Rose Goldberg	{"given-name": "Rose", "surname": "Goldberg"}	roz (ynkenti) goidverg	{"primary-name": "goidverg", "given-name": "roz", "alternative-name": "ynkenti", "surname": "goidverg"}
Hershl Goldenberg	{"given-name": "Hershl", "surname": "Goldenberg"}	hershi (kaiygraf) goidenvurg	{"given-name": "hershi", "alternative-name": "kaiygraf", "surname": "goidenvurg"}
Shifra Goldenberg	{"given-name": "Shifra", "surname": "Goldenberg"}	shrh (hazenberg) goidenvurg	{"given-name": "shrh", "alternative-name": "hazenberg", "surname": "goidenvurg"}
Abraham Goldfaden	{"given-name": "Abraham", "surname": "Goldfaden"}	brhm (goidenodym) goidaden	{"given-name": "brhm", "alternative-name": "goidenodym", "surname": "goidaden"}
Naftali Goldfaden	{"given-name": "Naftali", "surname": "Goldfaden"}	nsiy (goidenodym) goidaden	{"given-name": "nsiy", "alternative-name": "goidenodym", "surname": "goidaden"}
Paulina Goldfaden	{"given-name": "Paulina", "surname": "Goldfaden"}	puiyne (poiye verbei) goidaden	{"primary-name": "goidaden", "given-name": "puiyne", "alternative-name": "poiye", "surname": "goidaden"}
Shimi Goldfaden	{"given-name": "Shimi", "surname": "Goldfaden"}	shmeyh (goidenodym) goidaden	{"given-name": "shmeyh", "alternative-name": "goidenodym", "surname": "goidaden"}
Sidney Goldin	{"given-name": "Sidney", "surname": "Goldin"}	sydny (samuei goidshteyn) goidyn	{"given-name": "sydny", "alternative-name": "samui", "surname": "goidyn", "patronymic": "goidshteyn"}
Yechiel Goldsmith	{"given-name": "Yechiel", "surname": "Goldsmith"}	ykhyi voym	{"given-name": "ykhyi", "surname": "voym"}
B.I. Goldstein	{"given-name": "B.I.", "surname": "Goldstein"}	b y (brukh) goidshteyn	{"given-name": "brukh", "surname": "goidshteyn", "acronym": "b y"}
Helena Goltsava	{"given-name": "Helena", "surname": "Goltsava"}	heien (hertsviut) goitsv	{"alternative-name": "hertsviut", "surname": "goitsv"}
Sonya Golubchik	{"given-name": "Sonya", "surname": "Golubchik"}	sonye (grenshtat) goiuvtshyk	{"given-name": "sonye", "alternative-name": "grenshtat", "surname": "goiuvtshyk"}
Anna Golubok	{"given-name": "Anna", "surname": "Golubok"}	anna (khnh rubynshteyn) goiuvok	{"given-name": "annh", "alternative-name": "khnh", "surname": "goiuvok"}
B. Gorin	{"given-name": "B.", "surname": "Gorin"}	v (ytskhk goyd-hoyd) goryn	{"given-name": "ytskhk", "alternative-name": "goyd-hoyd", "surname": "goryn", "salutation": "v"}
Eydel Gotfrid	{"given-name": "Eydel", "surname": "Gotfrid"}	eydi (eriykh) gotryd	{"given-name": "eydi", "alternative-name": "eriykh", "surname": "gotryd"}
Clara Gottlieb	{"given-name": "Clara", "surname": "Gottlieb"}	kiara (gershovytsh) gotiyv	{"given-name": "kiara", "alternative-name": "gershovytsh", "surname": "gotiyv"}
Leon Gottlieb	{"given-name": "Leon", "surname": "Gottlieb"}	ieon (ieybush-hrn) gotiyv	{"given-name": "ieon", "alternative-name": "ieybush-hrn", "surname": "gotiyv"}
Louis Silo Gottlieb	{"given-name": "Louis", "middle-name": "Silo", "surname": "Gottlieb"}	iuys syi gotiyv	{"given-name": "iuys", "middle-name": "syi", "surname": "gotiyv"}
Israel Gradner	{"given-name": "Israel", "surname": "Gradner"}	yshri (rozeneid) gradner	{"primary-name": "yshri", "alternative-name": "rozeneid", "surname": "gradner"}
Rachel Gradner	{"given-name": "Rachel", "surname": "Gradner"}	reytshei (reynaids) gradner	{"primary-name": "reytshei", "alternative-name": "reynaids", "surname": "gradner"}
Peter Graf	{"given-name": "Peter", "surname": "Graf"}	pyter (pskhyh) graf	{"given-name": "pytr", "alternative-name": "pskhyh", "surname": "graf"}
Fannie Greenberg	{"given-name": "Fannie", "surname": "Greenberg"}	eny (tomashevsky) grynverg	{"given-name": "eny", "alternative-name": "tomashevsky", "surname": "grynverg"}
Harry Greenblatt	{"given-name": "Harry", "surname": "Greenblatt"}	hersh grynviat	{"primary-name": "hersh grynviat", "surname": "grynviat"}
Rose Greenfield	{"given-name": "Rose", "surname": "Greenfield"}	rz (treytier) gryneid	{"given-name": "rz", "alternative-name": "treytier", "surname": "grynit"}
David Groll	{"given-name": "David", "surname": "Groll"}	dud groii	{"given-name": "dud", "surname": "groii"}
Ida Groper	{"given-name": "Ida", "surname": "Groper"}	eyda (bryh) groper	{"primary-name": "groper", "given-name": "eyda", "alternative-name": "bryh", "surname": "groper"}
Chana Grosberg	{"given-name": "Chana", "surname": "Grosberg"}	khnh (mandeitort) grosverg	{"given-name": "khnh", "alternative-name": "mandeitort", "surname": "grosverg"}
Irving Grossman	{"given-name": "Irving", "surname": "Grossman"}	oyrvyng (ytskhk ieyv) grosman	{"primary-name": "grosman", "given-name": "ytskhk", "alternative-name": "oyrvyng", "middle-name": "ieyv"}
V.M. Grossman	{"given-name": "V.", "middle-name": "M.", "surname": "Grossman"}	v m (dud voif) grosman	{"given-name": "dud", "alternative-name": "v m", "surname": "grosman"}
Avraham Grushkov	{"given-name": "Avraham", "surname": "Grushkov"}	brhm (grushkovsky) grushkov	{"given-name": "brhm", "alternative-name": "grushkovsky", "surname": "grushkov"}
Berta Gutentag	{"given-name": "Berta", "surname": "Gutentag"}	vert (akseirad) gutentag	{"primary-name": "vert", "alternative-name": "aksierad", "surname": "gutentag"}
Mary Gutovitsh	{"given-name": "Mary", "surname": "Gutovitsh"}	mery (myiye tsypkus) gutovytsh	{"given-name": "myiye", "alternative-name": "mery", "surname": "gutovytsh"}
? Haber	{"given-name": "?", "surname": "Haber"}	 hver	{"honorific": "hver"}
Clara Haberman	{"given-name": "Clara", "surname": "Haberman"}	kiara (reyman) haverman	{"primary-name": "haverman", "given-name": "kiara", "alternative-name": "reyman", "surname": "haverman"}
Esther Hadassah	{"given-name": "Esther", "alternative-name": "Hadassah"}	ssr (veynroyb-haipern) hdsh	{"given-name": "ssr", "alternative-name": "veynroyb-haipern", "appellation": "hdsh"}
Beyla Handfus	{"given-name": "Beyla", "surname": "Handfus"}	veyie (ryei) handus	{"given-name": "veyie", "alternative-name": "ryei", "surname": "handus"}
Al. Harris	{"given-name": "Al", "surname": "Harris"}	ai herys	{"primary-name": "ai hhrys", "surname": "hhrys"}
Abe Hart	{"given-name": "Abe", "surname": "Hart"}	eyv (brhm hekht) hart	{"primary-name": "eyv", "given-name": "brhm", "alternative-name": "eyv", "surname": "hekht"}
Bertha Hart	{"given-name": "Bertha", "surname": "Hart"}	vert (mahier) hart	{"primary-name": "vert", "alternative-name": "mahier", "surname": "hart"}
Hersh Hart	{"given-name": "Hersh", "surname": "Hart"}	hersh hart	{"primary-name": "hersh hart"}
Sidney Hart	{"given-name": "Sidney", "surname": "Hart"}	sydny (yusf hersh) hart	{"primary-name": "sydny", "given-name": "yusf", "alternative-name": "hersh", "surname": "hart"}
Moshe Heine-Chaimovich	{"given-name": "Moshe", "middle-name": "Heine", "surname": "Chaimovich"}	mshh heyne-kheymovytsh	{"given-name": "mshh", "surname": "heyne-kheymovytsh"}
Itsik Heller	{"given-name": "Itsik", "surname": "Heller"}	ytsyk (hershkovytsh) heier	{"given-name": "ytsyk", "alternative-name": "hershkovytsh", "surname": "heier"}
Louis Heyman	{"given-name": "Louis", "surname": "Heyman"}	iuys (iuys herman) heyman	{"primary-name": "iuys herman", "given-name": "iuys", "alternative-name": "iuys", "surname": "heymn"}
Devora Hilsberg	{"given-name": "Devora", "surname": "Hilsberg"}	dburh (doreie) hyisverg	{"given-name": "dburh", "alternative-name": "doreie", "surname": "hyisverg"}
Chana Hollander	{"given-name": "Chana", "surname": "Hollander"}	khnh (ynkenti) hoiender	{"given-name": "khnh", "alternative-name": "ynkenti", "surname": "hoiender"}
Clara Honigman	{"given-name": "Clara", "surname": "Honigman"}	kiara (goidenverg) honygman	{"given-name": "kiara", "alternative-name": "goidenverg", "surname": "honygman"}
Mitzi Hope	{"given-name": "Mitzi", "middle-name": "Hope"}	mytsy hope	{"primary-name": "mytsy hope"}
Nathan H. Hornstein	{"given-name": "Nathan", "middle-name": "H.", "surname": "Hornstein"}	neytn h hornshteyn	{"given-name": "neytn"}
Sonya Iris	{"given-name": "Sonya", "middle-name": "Iris"}	sonya (eidman) yrys	{"given-name": "sonya", "alternative-name": "yrys", "surname": "eidman"}
Shabtai Itzkowitz	{"given-name": "Shabtai", "surname": "Itzkowitz"}	shvsy ytskovytsh	{"primary-name": "shvsy ytskovytsh", "given-name": "shvsy", "surname": "ytskovytsh"}
Pinkus Izbesko	{"given-name": "Pinkus", "surname": "Izbesko"}	pynkus (pnkhs yzbesky) yzvesko	{"primary-name": "yzvesko", "given-name": "pynkus", "alternative-name": "pnkhs", "surname": "yzbesky"}
Hyman Jacobowitz	{"given-name": "Hyman", "surname": "Jacobowitz"}	heyman (kheym-nsn) yakuvovytsh	{"given-name": "kheym-nsn", "surname": "ykububyts"}
Betty Jacobs	{"given-name": "Betty", "surname": "Jacobs"}	vety (treyier) dzheykovs	{"given-name": "vety", "alternative-name": "treyier", "surname": "dzheykovs"}
Bessie Jacobson	{"given-name": "Bessie", "surname": "Jacobson"}	vety (beyie shur) dzheykovson	{"primary-name": "vety", "alternative-name": "beyie", "surname": "dzheykovsun"}
Hymie Jacobson	{"given-name": "Hymie", "surname": "Jacobson"}	heymy (kheym-mendi) dzheykavson	{"given-name": "kheym-mendi", "alternative-name": "heymy", "surname": "dzeykvsun"}
Joseph Jacobson	{"given-name": "Joseph", "surname": "Jacobson"}	yusf (yakobzon) dzheykavson	{"given-name": "yusf", "alternative-name": "yakobzon", "surname": "dzheykavson"}
Jeanne Juvelier	{"given-name": "Jeanne", "surname": "Juvelier"}	dzhyn (veia) yoveiyr	{"given-name": "dzhyn", "alternative-name": "veia", "surname": "yoveiyr"}
Tsvi Kahan	{"given-name": "Tsvi", "surname": "Kahan"}	tsby khn	{"given-name": "tsby", "surname": "khn"}
Harry Kalmanowitz	{"given-name": "Harry", "surname": "Kalmanowitz"}	hery kaitsanovytsh	{"primary-name": "hery kaitsanvytsh", "surname": "kaitsanvytsh"}
Israel Kamai	{"given-name": "Israel", "surname": "Kamai"}	yshri kmy	{"given-name": "yshri", "surname": "kmy"}
Leopold Kanner	{"given-name": "Leopold", "surname": "Kanner"}	ieopoid (ieyv) kaner	{"primary-name": "ieopoid", "alternative-name": "ieyv", "surname": "kaner"}
Sam Kaplan	{"given-name": "Sam", "surname": "Kaplan"}	sem (zkhryh) kapian	{"given-name": "zkhryh", "alternative-name": "sem", "surname": "kapian"}
Liba Karlik	{"given-name": "Liba", "surname": "Karlik"}	iyve (iyna) kariyk	{"given-name": "iyve", "alternative-name": "iyna", "surname": "kariyk"}
Dora Karpinovitsh	{"given-name": "Dora", "surname": "Karpinovitsh"}	dora (dburh) krpynovytsh	{"given-name": "dora", "alternative-name": "dburh", "surname": "krpynovytsh"}
Suzi Kasten	{"given-name": "Suzi", "surname": "Kasten"}	suzy (syiver) kestyn	{"given-name": "suzy", "alternative-name": "syiver", "surname": "kestyn"}
Izak Kasvan	{"given-name": "Izak", "surname": "Kasvan"}	yzak (ytskhk) kasvn	{"given-name": "ytskhk", "alternative-name": "yzak", "surname": "kasvn"}
Isaac Katz	{"given-name": "Isaac", "surname": "Katz"}	yzak kts	{"primary-name": "yzak kts", "given-name": "yzak", "surname": "kts"}
Michael Katz	{"given-name": "Michael", "surname": "Katz"}	mykhi kts	{"given-name": "mykhi", "surname": "kts"}
Morris Kenig	{"given-name": "Morris", "surname": "Kenig"}	morys (khiyvner) kenyg	{"given-name": "morys", "alternative-name": "khiyvner", "surname": "kenyg"}
Khaim-Yosef Keymon	{"given-name": "Khaim-Yosef", "surname": "Keymon"}	yusf (osyp) kamyen	{"given-name": "yusf", "alternative-name": "asyp", "surname": "kamyen"}
Khaklai	{"given-name": "Khaklai"}	khkiy (eidman)	{"primary-name": "khkiy", "alternative-name": "eidman"}
[?] Khalan-Khalanov	{"given-name": "[?]", "surname": "Khalan-Khalanov"}	 khaian-khaianov	{"given-name": "khaian", "surname": "khianuv"}
Misha Khasin	{"given-name": "Misha", "surname": "Khasin"}	mysh khsyn	{"primary-name": "mysh khsyn"}
Yosef Kigel	{"given-name": "Yosef", "surname": "Kigel"}	yusf kygei	{"given-name": "yusf", "surname": "kygei"}
Moshe Michal Kitai	{"given-name": "Moshe", "middle-name": "Michal", "surname": "Kitai"}	mshh-mykhi kytay	{"primary-name": "mshh-mykhi", "given-name": "mshh", "middle-name": "mykhi", "surname": "kytay"}
Paulina Kobrin	{"given-name": "Paulina", "surname": "Kobrin"}	paiyna (segai) kobryn	{"given-name": "paiyna", "alternative-name": "segai", "surname": "kobryn"}
Leah Kompaneyets	{"given-name": "Leah", "surname": "Kompaneyets"}	ih (gotiyv) kompaneets	{"given-name": "ih", "alternative-name": "gotiyv", "surname": "kompaneets"}
Berta Kornfeld	{"given-name": "Berta", "surname": "Kornfeld"}	berta (bsyh kuryer) korneid	{"given-name": "berta", "alternative-name": "bsyh", "surname": "korneid", "matronymic": "bsyh"}
Matisyahu Kovalski	{"given-name": "Matisyahu", "surname": "Kovalski"}	mssyhu (kovai) kovaisky	{"primary-name": "kovaisky", "given-name": "mssyhu", "alternative-name": "kovai", "surname": "kovaisky"}
Philip Krantz	{"given-name": "Philip", "surname": "Krantz"}	yiyp (ytskhk romvro) krants	{"primary-name": "yiyp", "given-name": "ytskhk", "alternative-name": "yiyp", "surname": "krants", "patronymic": "romvro"}
Solomon Krause	{"given-name": "Solomon", "surname": "Krause"}	shimh kroyze	{"given-name": "shimh", "surname": "kroyze"}
Leah Krause-Miller	{"given-name": "Leah", "maiden-surname": "Krause", "surname": "Miller"}	ih (ioyiand) kroyze-myier	{"primary-name": "kroyze-myier", "given-name": "ih", "alternative-name": "ioyiand", "surname": "kroyze-myier"}
Yasha Kreitzberg	{"given-name": "Yasha", "surname": "Kreitzberg"}	yasha (saksansky) kreytsnerg	{"primary-name": "kreytsnerg", "given-name": "yasha", "alternative-name": "saksansky", "surname": "kreytsnerg"}
Leon Kuperman	{"given-name": "Leon", "surname": "Kuperman"}	ieon (ysheyh-ryh) kuperman	{"primary-name": "ieon", "alternative-name": "ysheyh-ryh", "surname": "kuperman"}
Sabina Lakser	{"given-name": "Sabina", "surname": "Lakser"}	savyna (shrh) iakser	{"given-name": "shrh", "alternative-name": "savyna", "surname": "iakser"}
Yehudis Lares	{"given-name": "Yehudis", "surname": "Lares"}	yhudys (rbkh khanenzohn) iares	{"primary-name": "yhudys", "alternative-name": "rbkh", "surname": "iares"}
Berta Latovitsh	{"given-name": "Berta", "surname": "Latovitsh"}	verta (veyie gurevytsh) iatovytsh	{"given-name": "verta", "alternative-name": "veyie", "surname": "iatovytsh", "matronymic": "gurevytsh"}
Jennie Lavitz	{"given-name": "Jennie", "surname": "Lavitz"}	dzheny (shmyiovytsh) ivyts	{"given-name": "dzheny", "alternative-name": "shmyiovytsh", "surname": "ivyts"}
Pepi Lavitz	{"given-name": "Pepi", "surname": "Lavitz"}	pepy (pipui) iavyts	{"given-name": "pepy", "alternative-name": "pipui", "surname": "iavyts"}
Chana Lazar-Ingard	{"given-name": "Chana", "surname": "Lazar-Ingard"}	khnh (rakover) iazar-yngard	{"given-name": "khnh", "alternative-name": "rakover", "surname": "iazar-yngard"}
Elias Lazarov	{"given-name": "Elias", "surname": "Lazarov"}	eiyas (iyezr shayr) iazarov	{"given-name": "eiyas", "alternative-name": "iyezr shayr", "surname": "iazarov"}
Feige Lazarov	{"given-name": "Feige", "surname": "Lazarov"}	eyge (krynytsaya) iazarov	{"given-name": "eyge", "alternative-name": "krynytsaya", "surname": "iazarov"}
Vera Lebedeff	{"given-name": "Vera", "surname": "Lebedeff"}	vyera (rbkh shekhtman) ievedyev	{"primary-name": "vyera", "given-name": "rbkh", "alternative-name": "vyera", "surname": "shekhtman", "nisba": "ievedyev"}
Der Lebediger	{"alternative-name": "Der Lebediger"}	der (kheym gutman) ievedyger	{"primary-name": "ievedyger", "given-name": "kheym", "alternative-name": "kh", "surname": "gutman"}
Adolf Lehrer	{"given-name": "Adolf", "surname": "Lehrer"}	adoif (hrn) iehrer	{"given-name": "duif", "alternative-name": "hrn", "surname": "iehrer"}
Daniel Leibel	{"given-name": "Daniel", "surname": "Leibel"}	dnyi ieyvi	{"given-name": "dnyi", "surname": "ieyvi"}
Tsile Leibovitsh	{"given-name": "Tsile", "surname": "Leibovitsh"}	tsyiye ieybovytsh	{}: 
H. Leivick	{"given-name": "H.", "surname": "Leivick"}	h (ieyvyk haiper) ieyvyk	{"given-name": "ieyvyk", "alternative-name": "haiper", "surname": "ieyvyk"}
S. Lemberg	{"given-name": "S.", "surname": "Lemberg"}	s (sara eynshteyn) iemverg	{"given-name": "sara", "alternative-name": "eynshteyn", "surname": "iemverg", "honorific": "s"}
Maria Lerner	{"given-name": "Maria", "surname": "Lerner"}	marya (mrym ravyovytsh) ierner	{"primary-name": "marya", "given-name": "mrym", "alternative-name": "marya", "surname": "ierner", "patronymic": "ravyovytsh"}
Feyga Levando	{"given-name": "Feyga", "surname": "Levando"}	eyge (ievyn) ievando	{"given-name": "eyge", "alternative-name": "ievyn", "surname": "ievando"}
Fannie Levenshteyn	{"given-name": "Fannie", "surname": "Levenshteyn"}	eny (periman) ievenshteyn	{"given-name": "eny", "alternative-name": "periman", "surname": "ievenshteyn"}
Isidor Levenstein	{"given-name": "Isidor", "surname": "Levenstein"}	yzydor (rym-ytskhk) ievenshteyn	{"given-name": "yzydor", "alternative-name": "rym-ytskhk", "surname": "ievenshteyn"}
Lucy Levin	{"given-name": "Lucy", "surname": "Levin"}	iusy (iyve) ievyn	{"given-name": "iusy", "alternative-name": "iyve", "surname": "ievyn"}
Anna Levine	{"given-name": "Anna", "surname": "Levine"}	anna (ievenshteyn) ievyn	{"given-name": "anna", "alternative-name": "ievenshteyn", "surname": "ievyn"}
Ludvig Levinzon	{"given-name": "Ludvig", "surname": "Levinzon"}	iudvyg (ryh-ieyv) ievynzon	{"given-name": "iudvyg", "alternative-name": "ryh-ieyv", "surname": "ievynzon"}
Max Levy	{"given-name": "Max", "surname": "Levy"}	maks iyvey	{"given-name": "maks", "surname": "iyvey"}
A. Leyb	{"given-name": "A.", "surname": "Leyb"}	 (brhm-mrdkhy) ieyb	{"given-name": "brhm-mrdkhy", "surname": "ieyb", "acronym": ""}
A. Leyeles	{"given-name": "A.", "surname": "Leyeles"}	 (hrn giats) ieyeies	{"given-name": "hrn", "alternative-name": "giats", "surname": "ieyeies", "honorific": ""}
Z. Libin	{"given-name": "Z.", "surname": "Libin"}	z (yshri-zimn hyrvytsh) iyvyn	{"given-name": "yshri-zimn", "surname": "iyvyn", "matronymic": "hyrvytsh", "acronym": "z"}
Paul Libman	{"given-name": "Paul", "surname": "Libman"}	pui (ytskovsky) iyvman	{"given-name": "pui", "alternative-name": "ytskovsky", "surname": "iyvman"}
David Licht	{"given-name": "David", "surname": "Licht"}	dud (dnyi renki) iykht	{"primary-name": "dud", "given-name": "dnyi", "alternative-name": "dud", "surname": "iykht"}
Moritz Lieblich	{"given-name": "Moritz", "surname": "Lieblich"}	moryts (ytskhk-mshh) iyviykh	{"primary-name": "moryts", "given-name": "ytskhk-mshh", "alternative-name": "ytskhk-mshh", "surname": "iyviykh"}
Miriam Lifshits	{"given-name": "Miriam", "surname": "Lifshits"}	myryom (shumsky) iypshyts	{"primary-name": "myryom", "alternative-name": "shumsky", "surname": "iypshyts"}
Liliput	{"given-name": "Liliput"}	iyiyput (gbryi-hyrsh kretshmer)	{"primary-name": "iyiyput", "given-name": "gbryi", "alternative-name": "hyrsh", "surname": "kretshmer"}
Ola Lilith	{"given-name": "Ola", "middle-name": "Lilith"}	oiya (ioiya tsedervoym) iyiys	{"given-name": "oiya", "alternative-name": "ioi tsedervoym", "surname": "iyiys"}
Paul Liman	{"given-name": "Paul", "surname": "Liman"}	pui (ieybovytsh) iyman	{"primary-name": "iyman", "given-name": "pui", "alternative-name": "ieybovytsh"}
N.B. Linder	{"given-name": "N.", "middle-name": "B.", "surname": "Linder"}	n v (nsn viynder) iynder	{"given-name": "nsn", "alternative-name": "biyndr", "surname": "iyndr", "acronym": "n v"}
Natalia Lipman	{"given-name": "Natalia", "surname": "Lipman"}	nataiya (neytshe eivoym) iypman	{"given-name": "nataiya", "alternative-name": "neytshe", "surname": "iypman"}
M. Lipson	{"given-name": "M.", "surname": "Lipson"}	m (mrdkhy yavorovsky) iypson	{"given-name": "mrdkhy", "alternative-name": "yavorovsky", "surname": "iypson", "honorific": "m"}
Celia Lipzin	{"given-name": "Celia", "surname": "Lipzin"}	syiye (peker) iyptsyn	{"given-name": "syiye", "alternative-name": "peker", "surname": "iyptsyn"}
Annie Litan	{"given-name": "Annie", "surname": "Litan"}	eny (khnh iypman) iytn	{"given-name": "khnh", "alternative-name": "eny", "surname": "iytn", "matronymic": "iypmn"}
Pepi Littman	{"given-name": "Pepi", "surname": "Littman"}	pepy (peshe kahane) iytman	{"given-name": "pepy", "alternative-name": "peshe kahane", "surname": "iytman"}
Yetta Littman	{"given-name": "Yetta", "surname": "Littman"}	yeta (zyiverman) iytman	{"given-name": "yeta", "alternative-name": "zyiverman", "surname": "iytman"}
L. Litvinov	{"given-name": "L.", "surname": "Litvinov"}	i (ieyv gurevytsh) iytvynov	{"given-name": "ieyv", "alternative-name": "gurevytsh", "surname": "iytvynov", "acronym": "i"}
Malvina Lobel	{"given-name": "Malvina", "surname": "Lobel"}	maivyna (treytier) iovei	{"primary-name": "maivyna", "alternative-name": "treytier", "surname": "iovei"}
Solomon Lobel	{"given-name": "Solomon", "surname": "Lobel"}	soiomon (ieyvei) iovei	{"primary-name": "soiomon", "alternative-name": "ieyvei", "surname": "iovei"}
Leo Loew	{"given-name": "Leo", "surname": "Loew"}	ieo (mshh-ieyv) iyov	{"given-name": "mshh-ieyv", "alternative-name": "ieo", "surname": "iyov"}
Regina Lubartovska	{"given-name": "Regina", "surname": "Lubartovska"}	regyna (rbkh) iuvartovska	{"given-name": "regyna", "alternative-name": "rbkh", "surname": "iuvartovska"}
Annie Lubin	{"given-name": "Annie", "surname": "Lubin"}	eny (hendzhya iuvmyak) iuvyn	{"given-name": "eny", "alternative-name": "hendzhya iuvmyak", "surname": "iuvyn"}
Harry Lubin	{"given-name": "Harry", "surname": "Lubin"}	hery (hershi ioygzaits) iuvyn	{"primary-name": "hery", "alternative-name": "hershi", "surname": "iuvyn"}
Leon Lubinski	{"given-name": "Leon", "surname": "Lubinski"}	ieon (ieybush) iubynsky	{"primary-name": "iubynsky", "given-name": "ieon", "alternative-name": "ieybush"}
SonIa Ludner	{"given-name": "SonIa", "surname": "Ludner"}	sonya (kurytska) iudner	{"primary-name": "sonya", "alternative-name": "kurytska", "surname": "iudner"}
Sam Lyudner	{"given-name": "Sam", "surname": "Lyudner"}	sem (shmui) iyudner	{"primary-name": "sem", "given-name": "shmui", "alternative-name": "shmui", "surname": "iyudner"}
Chana Macharovska	{"given-name": "Chana", "surname": "Macharovska"}	khnh (gekht) makhorovska	{"given-name": "khnh", "alternative-name": "gekht", "surname": "makhorovska"}
Khana Magid	{"given-name": "Khana", "surname": "Magid"}	khnh mgyd	{"given-name": "khnh", "surname": "mgyd"}
Ida Magidzohn	{"given-name": "Ida", "surname": "Magidzohn"}	eyda (ston) magydzohn	{"given-name": "eyda", "alternative-name": "ston", "surname": "magydzohn"}
Leib Malach	{"given-name": "Leib", "surname": "Malach"}	i (ieyvi zaitsman) mikh	{"given-name": "ieyvi", "alternative-name": "i", "surname": "zaitsman", "honorific": "mikh"}
Israel Mandel	{"given-name": "Israel", "surname": "Mandel"}	yshri (madzhevytsky) mandei	{"given-name": "yshri", "alternative-name": "madzhevytsky", "surname": "mandei"}
M.Sh. Mandel	{"given-name": "M.", "surname": "Mandel"}	m sh mandei	{"acronym": "m sh mundei"}
Annie Manne	{"given-name": "Annie", "surname": "Manne"}	eny (eyzenverg) mane	{"given-name": "eny", "alternative-name": "eyzenverg", "surname": "mane"}
Clara Margolin	{"given-name": "Clara", "surname": "Margolin"}	kiara (vieykhman) margoiyn	{"given-name": "kiara", "alternative-name": "bieykhman", "surname": "margoiyn"}
Edward Margolis	{"given-name": "Edward", "surname": "Margolis"}	edvard (ykusyi) margoiys	{"given-name": "edvard", "alternative-name": "ykusyi", "surname": "margoiys"}
Joseph Markowitz	{"given-name": "Joseph", "surname": "Markowitz"}	yusf markovytsh	{"given-name": "yusf", "surname": "markvytsh"}
Louie Markowitz	{"given-name": "Louie", "surname": "Markowitz"}	iuy markovytsh	{"given-name": "iuy", "surname": "markvytsh"}
Rudolph Marks	{"given-name": "Rudolph", "surname": "Marks"}	rudif (rdkynsn) mrks	{"given-name": "rudif", "alternative-name": "rdkynsn", "surname": "mrks"}
Karl Marmor	{"given-name": "Karl", "surname": "Marmor"}	kari (kimn-tsby) mrmr	{"primary-name": "kari", "alternative-name": "kimn-tsby", "surname": "mrmr"}
Jennie Masoff	{"given-name": "Jennie", "surname": "Masoff"}	zhenye (vynkier) masof	{"given-name": "zhenye", "alternative-name": "vynkier", "surname": "masof"}
Clara Meisels	{"given-name": "Clara", "surname": "Meisels"}	kiara (rydhoer) meyzeis	{"primary-name": "kiara", "alternative-name": "rydhoer", "surname": "meyzeis"}
Hela Mel	{"given-name": "Hela", "surname": "Mel"}	hei mei (meiman)	{"primary-name": "hei mei", "alternative-name": "meiman"}
Moshe Melamed	{"given-name": "Moshe", "surname": "Melamed"}	mshh mimd	{"given-name": "mshh", "surname": "mimd"}
Alter Melitzer	{"given-name": "Alter", "surname": "Melitzer"}	aiter (aiter herts) meiytser	{"primary-name": "meiytser", "given-name": "aiter", "alternative-name": "aiter herts"}
Nachum Melnick	{"given-name": "Nachum", "surname": "Melnick"}	nkhum meinyk	{}: 
Menakhem	{"given-name": "Menakhem"}	mnkhm (mnkhm goidverg)	{"primary-name": "mnkhm", "given-name": "mnkhm", "alternative-name": "mnkhm goidverg", "surname": "goidverg"}
Shlomo Mendelson	{"given-name": "Shlomo", "surname": "Mendelson"}	shimh (kuyavsky) mendeison	{"primary-name": "mendeisun", "given-name": "shimh", "alternative-name": "kuyavsky", "surname": "mendeisun"}
Tessie Meyerowitz	{"given-name": "Tessie", "surname": "Meyerowitz"}	tesy (toyve shtark) meyerovytsh	{"given-name": "tesy", "alternative-name": "toyve shtark", "surname": "meyerovytsh"}
Yehoshua Mezach	{"given-name": "Yehoshua", "surname": "Mezach"}	yhushe (m sgi) mzkh	{"given-name": "yhushe", "alternative-name": "m sgi", "surname": "mzkh"}
Adolfo Mide	{"given-name": "Adolfo", "surname": "Mide"}	adaif (brhm) myde	{"given-name": "dif", "alternative-name": "brhm", "surname": "myde"}
Shmuel Migdalovitsh	{"given-name": "Shmuel", "surname": "Migdalovitsh"}	shmui (mandei) mygdaiovytsh	{"given-name": "shmui", "alternative-name": "mandei", "surname": "mygdaiovytsh"}
Ignatsi Migdalski	{"given-name": "Ignatsi", "surname": "Migdalski"}	ygnatsy (mygdai) mygdaisky	{"primary-name": "mygdaisky", "given-name": "ygnatsy", "alternative-name": "mygdi"}
B. Mikhalevitsh	{"given-name": "B.", "surname": "Mikhalevitsh"}	v (yusf yzvytsky) mykhaievytsh	{"given-name": "yusf", "alternative-name": "yzvytsky", "surname": "mykhaievytsh", "acronym": "v"}
Harry Miller	{"given-name": "Harry", "surname": "Miller"}	hery (hersh maietts) myier	{"given-name": "hery", "alternative-name": "hersh", "surname": "myier"}
Louis E. Miller	{"given-name": "Louis", "middle-name": "E.", "surname": "Miller"}	iuys e (i vandes) myiier	{"given-name": "iuys", "alternative-name": "i vandes", "surname": "myiir", "acronym": "e"}
Marko Milner	{"given-name": "Marko", "surname": "Milner"}	marko (marek) myiner	{"given-name": "marku", "alternative-name": "mrk", "surname": "myiner"}
Eli Mintz	{"given-name": "Eli", "surname": "Mintz"}	eiye (iyhu zats) mynts	{"given-name": "eiye", "alternative-name": "iyhu zats", "surname": "mynts"}
Michael Mintz	{"given-name": "Michael", "surname": "Mintz"}	meykei (mykhi) mynts	{"given-name": "meykei", "alternative-name": "mykhi", "surname": "mynts"}
Rose Mishnun	{"given-name": "Rose", "surname": "Mishnun"}	roze (rashei) myshnun	{"given-name": "roze", "alternative-name": "rashei", "surname": "myshnun"}
Max Mishurat	{"given-name": "Max", "surname": "Mishurat"}	maks (moti) myshurat	{"primary-name": "maks", "alternative-name": "moti", "surname": "myshurat"}
Meyer Mishurat	{"given-name": "Meyer", "surname": "Mishurat"}	myr (ratushnyk) myshurat	{"given-name": "myr", "alternative-name": "ratushnyk", "surname": "myshur"}
Ike Mitnick	{"given-name": "Ike", "surname": "Mitnick"}	eyk mytnyk	{"primary-name": "mytnyk", "given-name": "eyk"}
Amalia Mogulesko	{"given-name": "Amalia", "surname": "Mogulesko"}	amaiye (ynkeishteyn) moguiesko	{"primary-name": "amiye", "alternative-name": "ynkeishteyn", "surname": "moguiesko"}
Ari Monfried	{"given-name": "Ari", "surname": "Monfried"}	ary (dud-ryh rydman) monryd	{"given-name": "ary", "alternative-name": "dud-ryh", "surname": "rydman", "patronymic": "monryd"}
Lazarus Monfried	{"given-name": "Lazarus", "surname": "Monfried"}	iazarus (iyezr) monryd	{"primary-name": "monryd", "given-name": "iazarus", "alternative-name": "iyezr", "surname": "monryd"}
Sam Morris	{"given-name": "Sam", "surname": "Morris"}	sem (shmui-mshh ganz) morys	{"primary-name": "sem", "given-name": "shmui-mshh", "surname": "morys"}
Nadya Moshkovitsh	{"given-name": "Nadya", "surname": "Moshkovitsh"}	nadya (gudevytsh) moshkovytsh	{"primary-name": "nadya", "alternative-name": "gudevytsh", "surname": "moshkovytsh"}
Pasha Moshkovitsh	{"given-name": "Pasha", "surname": "Moshkovitsh"}	pasha (vasya) moshkovytsh	{"given-name": "pasha", "alternative-name": "vasya", "surname": "moshkovytsh"}
Bella Mysell	{"given-name": "Bella", "surname": "Mysell"}	veia meyzei	{"primary-name": "veia meyzei", "given-name": "veia", "surname": "meyzei"}
Noach Nachbush	{"given-name": "Noach", "surname": "Nachbush"}	nkh (vusheievytsh) nakhvush	{"primary-name": "nkh nakhvush", "alternative-name": "busheievytsh", "surname": "nakhvush"}
Bela Nadel	{"given-name": "Bela", "surname": "Nadel"}	veia (nadoisky) nadei	{"alternative-name": "veia", "surname": "nadei", "nisba": "nadoisky"}
Nadina	{"given-name": "Nadina"}	nadyna (n v katsneivoygn)	{"alternative-name": "nadyna", "surname": "katsneivoygn", "acronym": "n v"}
Moishe Nadir	{"given-name": "Moishe", "surname": "Nadir"}	mshh (ytskhk reyz) nadyr	{"given-name": "mshh", "alternative-name": "ytskhk reyz", "surname": "nadyr"}
Leon Nadolsky	{"given-name": "Leon", "surname": "Nadolsky"}	ien (ieyv) nadoisky	{"primary-name": "nadoisky", "given-name": "ien", "alternative-name": "ieyv"}
Sonia Nadolsky	{"given-name": "Sonia", "surname": "Nadolsky"}	sonya (shrh kats) nadoisky	{"given-name": "shrh", "alternative-name": "sonya", "surname": "nadoisky", "matronymic": "kats"}
Doli Nakhbar	{"given-name": "Doli", "surname": "Nakhbar"}	doiy (ury) nkhvr	{"given-name": "ury", "alternative-name": "doiy", "surname": "nkhvr"}
Leah Naomi	{"given-name": "Leah", "middle-name": "Naomi"}	ih (kygei-eyzenverg) nemy	{"given-name": "ih", "alternative-name": "kygei-eyzenverg", "surname": "nemy"}
B. Natan	{"given-name": "B.", "surname": "Natan"}	v (natan vreytman) natan	{"given-name": "natn", "alternative-name": "v (natn vreytman)", "surname": "breytman"}
Amalya Natanson	{"given-name": "Amalya", "surname": "Natanson"}	amaiye (nataiya ) natanson	{"given-name": "amaiye", "alternative-name": "natai", "surname": "natansun"}
Anna Nathanson	{"given-name": "Anna", "surname": "Nathanson"}	anna (myishteyn) natanson	{"given-name": "anna", "alternative-name": "myishteyn", "surname": "natansun"}
Julius Nathanson	{"given-name": "Julius", "surname": "Nathanson"}	dzhuiyus (yuiyus natanson	{"given-name": "yuiyus", "alternative-name": "dzhuiyus", "surname": "natansun"}
Sonia Nathanson	{"given-name": "Sonia", "surname": "Nathanson"}	sony (khyh-shrh) natanson	{"given-name": "sony", "alternative-name": "khyh-shrh", "surname": "natansun"}
Avraham Naumov	{"given-name": "Avraham", "surname": "Naumov"}	brhm naumov	{"given-name": "brhm", "surname": "numu"}
Leye Nelson	{"given-name": "Leye", "surname": "Nelson"}	ieye (katsneison) neison	{"given-name": "ieye", "alternative-name": "katsneison", "surname": "neisun"}
Abraham Neyman	{"given-name": "Abraham", "surname": "Neyman"}	brhm (varakan) neyman	{"given-name": "brhm", "alternative-name": "varakan", "surname": "neymn"}
Shmuel Niger	{"given-name": "Shmuel", "surname": "Niger"}	shmui (tsharny) nyger	{"primary-name": "shmui", "alternative-name": "tsharny", "surname": "nyger"}
Barukh Nord	{"given-name": "Barukh", "surname": "Nord"}	vrukh (venedykt ievyn) nord	{"primary-name": "vrukh", "alternative-name": "venedykt ievyn", "surname": "nord"}
Yosef Norflus	{"given-name": "Yosef", "surname": "Norflus"}	yusf norium	{"given-name": "yusf", "surname": "norium"}
Moritz Norvid	{"given-name": "Moritz", "surname": "Norvid"}	moryts (treier) norvyd	{"primary-name": "moryts", "alternative-name": "treier", "nisba": "norvyd"}
Morris Novikov	{"given-name": "Morris", "surname": "Novikov"}	mrys (vakhnov) nvykov	{"given-name": "mrys", "alternative-name": "vakhnov", "surname": "nvykov"}
Avraham Nusbaum	{"given-name": "Avraham", "surname": "Nusbaum"}	brhm nusvoym	{"given-name": "brhm", "surname": "nusvoym"}
Paulina Offerman	{"given-name": "Paulina", "surname": "Offerman"}	peiyna (peri) oerman	{"given-name": "eiyna", "alternative-name": "peri", "surname": "oerman"}
Sam Ogursky	{"given-name": "Sam", "surname": "Ogursky"}	sem (shmui) agursky	{"primary-name": "gursky", "given-name": "shmui", "alternative-name": "sem"}
Ume Olkenitski	{"given-name": "Ume", "surname": "Olkenitski"}	ume (rume) oikenytsky	{"given-name": "ume", "alternative-name": "rume", "surname": "oikenhytsky"}
Alexander Olshanetsky	{"given-name": "Alexander", "surname": "Olshanetsky"}	aieksander (yhushe) oishanetsky	{"given-name": "aieksander", "alternative-name": "yhushe", "surname": "oishanetsky"}
Joseph Opatoshu	{"given-name": "Joseph", "surname": "Opatoshu"}	yusf (yusf opatovsky) optashu	{"given-name": "yusf", "alternative-name": "yusf", "surname": "opatovsky", "nisba": "optashu"}
Esther Orzhevskaya	{"given-name": "Esther", "surname": "Orzhevskaya"}	ssr (snyegov) orzhevskaya	{"primary-name": "ssr", "alternative-name": "snyegov", "surname": "orzhevskaya"}
Julius Oskar	{"given-name": "Julius", "middle-name": "Oskar"}	yuiyus (eyzenbet) oskar	{"primary-name": "yuiyus", "alternative-name": "eyzenbet", "surname": "oskar"}
Oscar Ostroff	{"given-name": "Oscar", "surname": "Ostroff"}	oskar (yhushe ostrytsky) astrof	{"given-name": "yhushe", "alternative-name": "oskar", "surname": "astrf", "patronymic": "ostrytsky"}
Jacob Paley	{"given-name": "Jacob", "surname": "Paley"}	dzheykob piey	{"given-name": "dzheykob", "surname": "piey"}
Yohan Paley	{"given-name": "Yohan", "surname": "Paley"}	yohan (yunh) piey	{"given-name": "yunh", "alternative-name": "yohan", "surname": "piey"}
H. Papak	{"given-name": "H.", "surname": "Papak"}	h popak	{"given-name": "pop", "acronym": "h"}
Jacob Pat	{"given-name": "Jacob", "middle-name": "P"}	yekb pat	{"primary-name": "yekb pt", "given-name": "yekb", "surname": "pat"}
Elihu Patron	{"given-name": "Elihu", "surname": "Patron"}	iyhu (eiyas) patron	{"given-name": "iyhu", "alternative-name": "eiyas", "surname": "patron"}
Pola Patroni	{"given-name": "Pola", "surname": "Patroni"}	poia (pauiyna patron) patrony	{"primary-name": "poia", "alternative-name": "pauiyna patrun", "surname": "patruny"}
H. Paul	{"given-name": "H.", "surname": "Paul"}	h pui	{"primary-name": "h pui", "acronym": "h"}
Ruchel-Leah Paul	{"given-name": "Ruchel-Leah", "surname": "Paul"}	rkhi-ih poui	{"given-name": "rkhi-ih", "surname": "poui"}
Yosef Paul	{"given-name": "Yosef", "surname": "Paul"}	yusf pui	{"given-name": "yusf", "surname": "pui"}
P. Pavik	{"given-name": "P.", "surname": "Pavik"}	p pvyk	{"surname": "pvyk", "salutation": "p"}
Mordechai Peltz	{"given-name": "Mordechai", "surname": "Peltz"}	mrdkhy peits	{"primary-name": "mrdkhy peits", "given-name": "mrdkhy", "surname": "peits"}
Betty Perlov	{"given-name": "Betty", "surname": "Perlov"}	bety (rozenverg) periov	{"given-name": "bety", "alternative-name": "ruznvrg", "surname": "periov"}
Max Pine	{"given-name": "Max", "surname": "Pine"}	maks peyn	{"primary-name": "maks peyn", "given-name": "maks", "surname": "peyn"}
Daniel Plotkin	{"given-name": "Daniel", "surname": "Plotkin"}	dnyi piatkyn	{"given-name": "dnyi", "surname": "pitkyn"}
Chaim Podlias	{"given-name": "Chaim", "surname": "Podlias"}	kheym podiyas	{"given-name": "kheym", "surname": "pudiys"}
Froyke Podlubny	{"given-name": "Froyke", "surname": "Podlubny"}	royke (rym) podiubny	{"given-name": "rym", "alternative-name": "royke", "surname": "podiubny"}
N.Y. Podlubny	{"given-name": "N.", "middle-name": "Y.", "surname": "Podlubny"}	n y (naum podiubny	{"given-name": "naum", "surname": "podiubny", "acronym": "n y"}
Sholom Podzamce	{"given-name": "Sholom", "surname": "Podzamce"}	shium podzamtshe	{"primary-name": "shium podzamtshe", "given-name": "shium", "surname": "pudzomtshe"}
Toybe Pokh	{"given-name": "Toybe", "surname": "Pokh"}	toybe (yshei) pokh	{"given-name": "toybe", "alternative-name": "yshei", "surname": "pokh"}
Aron Poliakov	{"given-name": "Aron", "surname": "Poliakov"}	hrn (poiyatshek) poiyakov	{"given-name": "hrn", "alternative-name": "poiyatshek", "surname": "poiyakov"}
H. Porski	{"given-name": "H.", "surname": "Porski"}	h (hyrsh porudomynsky) parsky	{"given-name": "hyrsh", "alternative-name": "porudomynsky", "surname": "parsky", "acronym": "h"}
Arnold Pozy	{"given-name": "Arnold", "surname": "Pozy"}	aryh (yshrai aryh pozhkov) pozy	{"primary-name": "aryh pozy", "given-name": "aryh", "alternative-name": "yshrai aryh", "surname": "pozy"}
Jan Pribeagu	{"given-name": "Jan", "surname": "Pribeagu"}	yan (yzyk iazarovytsh) prybeagu	{"given-name": "yzyk", "alternative-name": "yan", "surname": "prybeagu", "patronymic": "iazarovytsh"}
Ruzha Pyekarnik	{"given-name": "Ruzha", "surname": "Pyekarnik"}	ruzha (tarkevytsh) pyekrnyk	{"primary-name": "ruzha", "alternative-name": "tarkevytsh", "surname": "pyekrnyk"}
Malkah Rabell	{"given-name": "Malkah", "surname": "Rabell"}	mikhh (ravynovytsh) rabei	{"given-name": "mikhh", "alternative-name": "ravynovytsh", "surname": "rabei"}
Menachem-Mendl Rabin	{"given-name": "Menachem-Mendl", "surname": "Rabin"}	mnhm-mendi rbyn	{"primary-name": "mnhm-mendi", "surname": "rbyn"}
Leon Rabinowitz	{"given-name": "Leon", "surname": "Rabinowitz"}	ieon (ieybi) rabynovytsh	{"primary-name": "rabynovytsh", "given-name": "ieon", "alternative-name": "ieybi", "surname": "rabynovytsh"}
Rosa Rabinowitz	{"given-name": "Rosa", "surname": "Rabinowitz"}	roza (tararutskaya) rabynovytsh	{"given-name": "roza", "alternative-name": "tarrutskaya", "surname": "rabynovytsh"}
Julius Rakow	{"given-name": "Julius", "surname": "Rakow"}	yuiyus (ykhyi) rakov	{"primary-name": "yuiyus", "alternative-name": "ykhyi", "surname": "rakov"}
Lisa Rappel	{"given-name": "Lisa", "surname": "Rappel"}	iyze (shuimys) rapei	{"given-name": "iyze", "alternative-name": "shuimys", "surname": "rapei"}
Jacob Rechtzeit	{"given-name": "Jacob", "surname": "Rechtzeit"}	yekb rekhttseyt	{"given-name": "yekb", "surname": "rekhttseyt"}
David Reitz	{"given-name": "David", "surname": "Reitz"}	dud reytts (reytsen)	{"primary-name": "reytts (reytsen)", "given-name": "dud"}
Edwin A. Relkin	{"given-name": "Edwin", "middle-name": "A.", "surname": "Relkin"}	edvyn  (aroid reikyn	{"given-name": "edvyn", "alternative-name": "aroid", "surname": "reikyn", "acronym": ""}
[?] Ribak	{"given-name": "[?]", "surname": "Ribak"}	ryvk ()	{"primary-name": "ryvk", "surname": "ryvk"}
Vera Rosanko	{"given-name": "Vera", "surname": "Rosanko"}	vyera (shre vyner) rozanko	{"given-name": "shre", "alternative-name": "vyera", "surname": "rozanko"}
Avraham Rosen	{"given-name": "Avraham", "surname": "Rosen"}	brhm rzen	{"given-name": "brhm", "surname": "rzen"}
Israel Rosenberg	{"given-name": "Israel", "surname": "Rosenberg"}	yshri (ameryke) rozenverg	{"primary-name": "rozenverg", "given-name": "yshri", "alternative-name": "ameryke"}
Adolf Rosenblum	{"given-name": "Adolf", "surname": "Rosenblum"}	adoif (hrun) rozenvium	{"given-name": "adf", "alternative-name": "hrun", "surname": "rozenvium"}
Betty Rosenblum	{"given-name": "Betty", "surname": "Rosenblum"}	vety (veyie) rozenvium	{"given-name": "vety", "alternative-name": "veyie", "surname": "rozenvium"}
Yasha Rosenthal	{"given-name": "Yasha", "surname": "Rosenthal"}	yasha (yekb-ver) rozentai	{"primary-name": "rozentai", "given-name": "yasha", "alternative-name": "yekb-ver"}
Henry Russotto	{"given-name": "Henry", "surname": "Russotto"}	henry (heymnesvyzhky) rusota	{"primary-name": "henry", "alternative-name": "heymnesvyzhky", "surname": "rusota"}
Harry Sackler	{"given-name": "Harry", "surname": "Sackler"}	hery (tsby-hersh) sekier	{"primary-name": "hery", "alternative-name": "tsby-hersh", "surname": "sekier"}
Max Sadowski	{"given-name": "Max", "surname": "Sadowski"}	maks (mrdkhy) shadvsky	{"given-name": "mrdkhy", "alternative-name": "maks", "surname": "shadvsky"}
Michael Saks	{"given-name": "Michael", "surname": "Saks"}	mykhayi (sadeygursky) saks	{"given-name": "mykhayi", "alternative-name": "sadygursky", "surname": "saks"}
S. Samuilov	{"given-name": "S.", "surname": "Samuilov"}	s (shimh rezydent) samuyiov	{"given-name": "shimh", "alternative-name": "rezydent", "surname": "samuyiov", "salutation": "s"}
A. Sando	{"given-name": "A.", "surname": "Sando"}	 (aieksangeru-samueiy) sandu	{"given-name": "aieksangeru-samueiy", "surname": "sandu", "acronym": ""}
Izzy Sapozhnikov	{"given-name": "Izzy", "surname": "Sapozhnikov"}	yzy (ysak) sapozhnykov	{"given-name": "ysak", "alternative-name": "yzy", "surname": "sapozhnykov"}
Ludwig Satz	{"given-name": "Ludwig", "surname": "Satz"}	iudvyg (ioy ytskhk) zats	{"primary-name": "iudvyg", "alternative-name": "ioy ytskhk", "surname": "zats"}
Bernard Sauer	{"given-name": "Bernard", "surname": "Sauer"}	bernard (beri zabiotsky) sauer	{"primary-name": "bernard", "given-name": "beri", "alternative-name": "beri zabiotsky", "surname": "sauer"}
Jubi Sauer	{"given-name": "Jubi", "surname": "Sauer"}	dzhuvy (vveie) sour	{"given-name": "dzhuvy", "alternative-name": "vveie", "surname": "sour"}
Rosa Schilling	{"given-name": "Rosa", "surname": "Schilling"}	roza (ryki vryh) shyiyng	{"given-name": "roza", "alternative-name": "ryki", "middle-name": "vryh", "surname": "shyiyng"}
Louis Schnitzer	{"given-name": "Louis", "surname": "Schnitzer"}	iuys (yshri-ieyv) shnytser	{"given-name": "iuys", "alternative-name": "yshri-ieyv", "surname": "shnytser"}
Adela Schwartz	{"given-name": "Adela", "surname": "Schwartz"}	adeia (ynkeishteyn) shvarts	{"given-name": "adeia", "alternative-name": "fynkeishteyn", "surname": "shvarts"}
Zvi Scooler	{"given-name": "Zvi", "surname": "Scooler"}	tsby skuier	{"primary-name": "skuier", "given-name": "tsby"}
Betty Segal	{"given-name": "Betty", "surname": "Segal"}	vety (giykman) segai	{"given-name": "vety", "alternative-name": "giykman", "surname": "segai"}
Amalia Segalesko	{"given-name": "Amalia", "surname": "Segalesko"}	amaiye (mikh) segaiesko	{"given-name": "amaiye", "alternative-name": "mikh", "surname": "segaiesko"}
Sheyne Rokhl Semkoff	{"given-name": "Sheyne", "middle-name": "Rokhl", "surname": "Semkoff"}	sheyne-rkhi (zamkov) symkof	{"primary-name": "sheyne-rkhi", "alternative-name": "zamkov", "surname": "symkof"}
Yenta Serdatski	{"given-name": "Yenta", "surname": "Serdatski"}	yente (reyvman) serdatsky	{"given-name": "yente", "alternative-name": "reyvman", "surname": "serdatsky"}
Muni Serebrov	{"given-name": "Muni", "surname": "Serebrov"}	muny (kheym zyiverrand) serevrov	{"given-name": "kheym", "alternative-name": "muny", "middle-name": "zyiverrand", "surname": "serevrov"}
B. Sereny	{"given-name": "B.", "surname": "Sereny"}	v (dub sryiovyten) sereny	{"given-name": "dub", "alternative-name": "sryiovyten", "surname": "sereny", "acronym": "b"}
Sevilla	{"surname": "Sevilla"}	pastor) sevyia (vs-shrh zygier	{"given-name": "pastor", "alternative-name": "sevyia", "surname": "zygier", "matronymic": "bs-shrh"}
Max Seyger	{"given-name": "Max", "surname": "Seyger"}	meks (mrdkhy) seyger	{"given-name": "mrdkhy", "alternative-name": "meks", "surname": "seyger"}
Anna Shapiro	{"given-name": "Anna", "surname": "Shapiro"}	anna (eny) shapyro	{"given-name": "anna", "alternative-name": "eny", "surname": "shapyro"}
Sani Shapiro	{"given-name": "Sani", "surname": "Shapiro"}	sony (nsni-dud) shapyro	{"primary-name": "shapyro", "given-name": "nsni-dud", "alternative-name": "sony", "surname": "shapyro"}
Sonia Sharavner	{"given-name": "Sonia", "surname": "Sharavner"}	sonya (soya vyner) sharavner	{"given-name": "sonya", "alternative-name": "soya", "surname": "sharavner", "nisba": "vyner"}
Dina Shayevitsh	{"given-name": "Dina", "surname": "Shayevitsh"}	dynh (yzeiskya) shayevytsh	{"given-name": "dynh", "alternative-name": "yzeiskya", "surname": "shayevytsh"}
Zigmund Shenkman	{"given-name": "Zigmund", "surname": "Shenkman"}	zygmund (zeynvi) shenkman	{"primary-name": "zygmund", "alternative-name": "zeynvi", "surname": "shenkman"}
Pinchas Sherman	{"given-name": "Pinchas", "surname": "Sherman"}	nkhs (shukhmakher) sherman	{"primary-name": "sherman", "given-name": "nkhs", "alternative-name": "shukhmakher"}
Shimansky	{"surname": "Shimansky"}	brhm-shmui shymansky (seymon)	{"given-name": "brhm-shmui", "alternative-name": "seymon", "surname": "shymansky"}
Shimele der Heyzeriker	{"given-name": "Shimele", "surname": "Heyzeriker", "qualifier": "der"}	shymeie der heyzeryker (shmyeie)	{"given-name": "shymeie", "alternative-name": "shmyeie", "professional-name": "der heyzeryker"}
Rose Shoshana	{"given-name": "Rose", "surname": "Shoshana"}	r shushnh	{"given-name": "shushnh"}
Augusta Shoyder	{"given-name": "Augusta", "surname": "Shoyder"}	ugusta (ioyer) shoyder	{"primary-name": "shoyder", "given-name": "ugusta", "alternative-name": "ioyer", "surname": "shoyder"}
Adolph Shrage	{"given-name": "Adolph", "surname": "Shrage"}	adoif (nsiy-yhushe) shrage	{"primary-name": "adoif", "alternative-name": "nsiy-yhushe", "surname": "shragh"}
Lyuba Shub	{"given-name": "Lyuba", "surname": "Shub"}	iyuva shuv	{"primary-name": "iyuva shuv"}
Sally Siegel	{"given-name": "Sally", "surname": "Siegel"}	saiy sygei	{"given-name": "saiy", "surname": "sygei"}
Sam Silberbush	{"given-name": "Sam", "surname": "Silberbush"}	sem (ysmr) zyivervush	{"primary-name": "zyivervush", "given-name": "sem", "alternative-name": "ysmr"}
Simon	{"given-name": "Simon"}	seymon	{"given-name": "seymun"}
Mae Simon	{"given-name": "Mae", "surname": "Simon"}	mey seymon	{"given-name": "mey", "surname": "seymun"}
Mrs. Simon	{"surname": "Simon", "salutation": "Mrs."}	roy (myshkynd) seymon	{"primary-name": "seymun", "given-name": "roy", "alternative-name": "myshkynd", "surname": "seymun"}
Regina Simovitsh	{"given-name": "Regina", "surname": "Simovitsh"}	regyna (kuvavytsh) symovytsh	{"primary-name": "regyna", "alternative-name": "kuvavytsh", "surname": "symovytsh"}
Abe Sincoff	{"given-name": "Abe", "surname": "Sincoff"}	eyv synkof	{"given-name": "eyv", "surname": "synkof"}
Frances Sincoff	{"given-name": "Frances", "surname": "Sincoff"}	rentsym (shapyro) synkof	{"primary-name": "rentsym", "alternative-name": "shapyro", "surname": "synkof"}
Madam Slonimski	{"surname": "Slonimski", "salutation": "Madam"}	madam (shtern) sionymsky	{"given-name": "madam", "alternative-name": "shtrn", "surname": "sionymsky"}
Rafael Smargonski	{"given-name": "Rafael", "surname": "Smargonski"}	ri (shmargon) smargonsky	{"given-name": "ri", "alternative-name": "shmargon", "surname": "smrgunsky"}
Aaron Soffe	{"given-name": "Aaron", "surname": "Soffe"}	hrn so	{"given-name": "hrn", "surname": "so"}
Lipman Sokolov	{"given-name": "Lipman", "surname": "Sokolov"}	iypman (sokoiovsky) sokoiov	{"primary-name": "sokoiov", "given-name": "iypman", "alternative-name": "sokoiovsky", "surname": "sokoiov"}
Nellie Solomonesco	{"given-name": "Nellie", "surname": "Solomonesco"}	neiy (zr) soiomonesko	{"given-name": "neiy", "alternative-name": "zr", "surname": "soiomonesko"}
Isidore Solotorefsky	{"given-name": "Isidore", "surname": "Solotorefsky"}	yzydor (ytskhk) zoiotaresky	{"primary-name": "yzydor", "given-name": "ytskhk", "alternative-name": "ytskhk", "surname": "zoiotaresky"}
Betty Spector	{"given-name": "Betty", "surname": "Spector"}	vety (magydov) spektor	{"primary-name": "spektor", "given-name": "vety", "alternative-name": "magydov", "surname": "spektor"}
Jonah Spivak	{"given-name": "Jonah", "surname": "Spivak"}	yunh (rumenye) spyvak	{"primary-name": "spyvak", "given-name": "yunh", "alternative-name": "rumenye", "nisba": "rumenye"}
Adolf Stein	{"given-name": "Adolf", "surname": "Stein"}	adoif (brhm) shteyn	{"given-name": "brhm", "alternative-name": "adoif", "surname": "shteyn"}
Sonia Strelska	{"given-name": "Sonia", "surname": "Strelska"}	sonye (soye) streiska	{"given-name": "sonye", "alternative-name": "soye", "surname": "streiska"}
Nakhum Stutchkoff	{"given-name": "Nakhum", "surname": "Stutchkoff"}	nkhum (stutshko) stutshkov	{"primary-name": "stutshko", "given-name": "nkhum", "alternative-name": "stutshko", "surname": "stutshkov"}
Rosa Leah Surits	{"given-name": "Rosa", "middle-name": "Leah", "surname": "Surits"}	roze-ih (ievyus) suryts	{"primary-name": "suryts", "given-name": "roze-ih", "alternative-name": "ievyus", "surname": "suryts"}
Susan	{"given-name": "Susan"}	suzan (tsyri goidenverg)	{"given-name": "suzan", "alternative-name": "tsyri", "surname": "goidenverg"}
Isaac Swerdlow	{"given-name": "Isaac", "surname": "Swerdlow"}	ytskhk sverdiov	{"given-name": "ytskhk", "surname": "sverdiv"}
Sara Sylvia	{"given-name": "Sara", "middle-name": "Sylvia"}	sara (goidshteyn) syivya	{"given-name": "sara", "alternative-name": "goidshteyn", "surname": "syivya"}
Avraham Tabak	{"given-name": "Avraham", "surname": "Tabak"}	brhm tavak	{"given-name": "brhm", "surname": "tavk"}
Sholom Tanin	{"given-name": "Sholom", "surname": "Tanin"}	shium (tankus) tanyn	{"primary-name": "shium", "alternative-name": "tankus", "surname": "tanyn"}
[?] Tankel	{"given-name": "[?]", "surname": "Tankel"}	tankei	{}: 
Berta Tanzman	{"given-name": "Berta", "surname": "Tanzman"}	verta (veriyn) tantsman	{"given-name": "verta", "alternative-name": "beriyn", "surname": "tantsman"}
Ruth Taru	{"given-name": "Ruth", "surname": "Taru"}	rus (reyzi tukhmakher) tary	{"given-name": "rus", "alternative-name": "reyzi", "surname": "tary", "professional-name": "tukhmakher"}
Sidy Thal	{"given-name": "Sidy", "surname": "Thal"}	sydy (saiy vyrkentai) thi	{"given-name": "sydy", "alternative-name": "saiy", "surname": "thi"}
Boris Thomashefsky	{"given-name": "Boris", "surname": "Thomashefsky"}	vorys (vrukh-hrn) tomashevsky	{"given-name": "vorys", "alternative-name": "brukh-hrn", "surname": "tomashevsky"}
Harry Thomashefsky	{"given-name": "Harry", "surname": "Thomashefsky"}	hery (hersh-yunh) tomashevsky	{"given-name": "hery", "alternative-name": "hersh-yunh", "surname": "tomashevsky"}
Mike Thomashefsky	{"given-name": "Mike", "surname": "Thomashefsky"}	meyk (mrdkhy) tomashevsky	{"given-name": "meyk", "alternative-name": "mrdkhy", "surname": "tomashevsky"}
Matias Thur	{"given-name": "Matias", "surname": "Thur"}	matyas (mtsyhu) thur	{"primary-name": "matyas", "alternative-name": "mtsyhu", "surname": "thur"}
Adolf Timianoff	{"given-name": "Adolf", "surname": "Timianoff"}	adoif (tymyanko) tymyanof	{"given-name": "adoif", "alternative-name": "tymyanko", "surname": "tymyanof"}
Samuel Tornberg	{"given-name": "Samuel", "surname": "Tornberg"}	semyuei (shmui) tornverg	{"primary-name": "tornverg", "given-name": "shmui", "alternative-name": "semyuei", "surname": "tornverg"}
Nosen Treystman	{"given-name": "Nosen", "surname": "Treystman"}	nosen (nkhemye) treystman	{"given-name": "nosen", "alternative-name": "nkhemye", "surname": "treystman"}
Ilya Trilling	{"given-name": "Ilya", "surname": "Trilling"}	yiya (symon) tryiyng	{"given-name": "yiya", "alternative-name": "symon", "surname": "tryiyng"}
Rina Tselzar	{"given-name": "Rina", "surname": "Tselzar"}	ryna (zeiygson) tseizar	{"given-name": "ryna", "alternative-name": "zeiygson", "surname": "tseizar"}
Lisa Tuchman	{"given-name": "Lisa", "surname": "Tuchman"}	iyza (keydan) tukhman	{"given-name": "iyza", "alternative-name": "keydan", "surname": "tukhman"}
Miriam Tufman	{"given-name": "Miriam", "surname": "Tufman"}	mrym (pkentreger) tuman	{"given-name": "mrym", "alternative-name": "pkentreger", "surname": "tuman"}
George Tuller	{"given-name": "George", "surname": "Tuller"}	dzhodzh (zimn toier) tuiier	{"given-name": "zimn", "alternative-name": "dzhodzh", "surname": "tuiier"}
Herman Tunis	{"given-name": "Herman", "surname": "Tunis"}	herman (kheym-hersh avend) tunys	{"primary-name": "herman", "given-name": "kheym", "alternative-name": "hersh", "surname": "tunys"}
Der Tunkeler	{"surname": "Tunkeler", "honorific": "Der"}	der (yusf tunkei) tunkeier	{"primary-name": "tunkei", "given-name": "yusf", "alternative-name": "tunkei", "surname": "tunkeier"}
Ulrich	{"given-name": "Ulrich"}	uirykh	{"given-name": "uirykh"}
Pepi Urich	{"given-name": "Pepi", "surname": "Urich"}	pepy (peri) urykh	{"given-name": "pepy", "alternative-name": "pir", "surname": "urykh"}
Morris Vaksman	{"given-name": "Morris", "surname": "Vaksman"}	morys (mshh dud) vaksman	{"given-name": "mshh", "alternative-name": "morys", "middle-name": "dud", "surname": "vksmn"}
Roza Vaksman	{"given-name": "Roza", "surname": "Vaksman"}	roza (rkhi dyntens) vaksman	{"given-name": "roza", "alternative-name": "rkhi", "middle-name": "dyntens", "surname": "voksman"}
David Vardi	{"given-name": "David", "surname": "Vardi"}	dud (rozeneid) vardy	{"given-name": "dud", "alternative-name": "rozeneid", "surname": "vardy"}
Saltshe Vaynberg	{"given-name": "Saltshe", "surname": "Vaynberg"}	sitshe (shrh iykht) veynverg	{"primary-name": "sitshe", "given-name": "shrh", "alternative-name": "iykht", "surname": "veynverg"}
Sophia Vaynshtok	{"given-name": "Sophia", "surname": "Vaynshtok"}	soye (rydman) veynshtok	{"given-name": "soye", "alternative-name": "rydman", "surname": "veynshtok"}
Marsela Vays	{"given-name": "Marsela", "surname": "Vays"}	marseia (ievyn) veys	{"given-name": "marseia", "alternative-name": "ievyn", "surname": "veys"}
Helena Velish	{"given-name": "Helena", "surname": "Velish"}	heiena (ynventarzh) veiysh	{"given-name": "heiena", "alternative-name": "ynventarzh", "surname": "veiysh"}
Vitya Viktorov	{"given-name": "Vitya", "surname": "Viktorov"}	vyty (abygdur) vyktorov	{"given-name": "abygdur", "alternative-name": "vyty", "surname": "vykturu"}
Frida Vitalina	{"given-name": "Frida", "middle-name": "Vitalina"}	ryd (iapyn) vyaiyn	{"primary-name": "vyaiyn", "given-name": "ryd", "alternative-name": "iapyn", "surname": "vyaiyn"}
B. Vladeck	{"given-name": "B.", "surname": "Vladeck"}	v (brukh-nkhmn tsharny) viadek	{"given-name": "brukh-nkhmn", "alternative-name": "tsharny", "surname": "viadek", "honorific": "v"}
Velvl Vladir	{"given-name": "Velvl", "surname": "Vladir"}	veivi vidyr	{"primary-name": "veivi vidyr", "given-name": "veivi", "surname": "uidyr"}
M. Volgeshafen	{"given-name": "M.", "surname": "Volgeshafen"}	m voigeshaen	{"surname": "vigshyn", "acronym": "m"}
David Volkenshteyn	{"given-name": "David", "surname": "Volkenshteyn"}	dud vetshteyn	{"given-name": "dud", "surname": "vetshteyn"}
Lyuba Vyesyolaya	{"given-name": "Lyuba", "surname": "Vyesyolaya"}	iyuva (shoskyn) vyesyoiaya	{"primary-name": "iyuva", "alternative-name": "shoskyn", "surname": "vyesyoiaya"}
Ella Wallerstein	{"given-name": "Ella", "surname": "Wallerstein"}	eia (geshpas) vaiershteyn	{"given-name": "eia", "alternative-name": "geshpas", "surname": "vaiershteyn"}
Esther Wallerstein	{"given-name": "Esther", "surname": "Wallerstein"}	ssr (goidshteyn) vaiershteyn	{"given-name": "ssr", "alternative-name": "goidshteyn", "surname": "vaiershteyn"}
Hymie Wallerstein	{"given-name": "Hymie", "surname": "Wallerstein"}	dzheny vaiyer	{"given-name": "dzheny", "surname": "vaiyer"}
Pola Walter	{"given-name": "Pola", "surname": "Walter"}	poiya (shreyder) vaiter	{"primary-name": "vitr", "alternative-name": "poiya", "surname": "viter"}
Feivl Warshavsky	{"given-name": "Feivl", "surname": "Warshavsky"}	eyi (yserovsky) varshavsky	{"primary-name": "eyi", "alternative-name": "yserovsky", "surname": "varshavsky"}
Miriam Weide	{"given-name": "Miriam", "surname": "Weide"}	mrym (veydeneid) veyde	{"primary-name": "mrym", "alternative-name": "veydeneid", "surname": "veyde"}
Charles Weinblatt	{"given-name": "Charles", "surname": "Weinblatt"}	tsharis (kimn) veynviat	{"given-name": "tsharis", "alternative-name": "kimn", "surname": "veynviat"}
Israel Weinblatt	{"given-name": "Israel", "surname": "Weinblatt"}	yshri (vurtsi) veynviat	{"primary-name": "veynviat", "given-name": "yshri", "alternative-name": "vurtsi"}
Frances Weintraub	{"given-name": "Frances", "surname": "Weintraub"}	rentsys (eyge) veyntroyv	{"primary-name": "rentsys", "alternative-name": "eyge", "surname": "veyntroyv"}
Rebecca Weintraub	{"given-name": "Rebecca", "surname": "Weintraub"}	rbkh (useid) veyntroyv	{"given-name": "rbkh", "alternative-name": "useid", "surname": "veyntroyv"}
Simcha Weintraub	{"given-name": "Simcha", "surname": "Weintraub"}	shmkhh veyntroyv	{"given-name": "shmkhh", "surname": "veyntroyv"}
Muni Weisenfreund	{"given-name": "Muni", "surname": "Weisenfreund"}	muny (mshuim-myr) veyzenreynd	{"given-name": "muny", "alternative-name": "mshuim-myr", "surname": "veyzenreynd"}
Phillip Weisenfreund	{"given-name": "Phillip", "surname": "Weisenfreund"}	yiyp (nkhum-eyvi) veyzenreynd	{"primary-name": "yiyp veyzenreynd", "given-name": "yiyp", "alternative-name": "nkhum-eyvi", "surname": "veyzenreynd"}
Avraham-Yakov Weislitz	{"given-name": "Avraham-Yakov", "surname": "Weislitz"}	brhm-yekb veysiyts	{}: 
Yocheved Weislitz	{"given-name": "Yocheved", "surname": "Weislitz"}	yukhbd (provyzor) veysiyts	{"given-name": "yukhbd", "alternative-name": "provyzor", "surname": "veysiyts"}
Louis Weiss	{"given-name": "Louis", "surname": "Weiss"}	iuys (ioy) veys	{"given-name": "iuys", "alternative-name": "ioy", "surname": "veys"}
Mary Wilensky	{"given-name": "Mary", "surname": "Wilensky"}	mery (mrym kts) vyiensky	{"primary-name": "vyiensky", "given-name": "mrym", "alternative-name": "mery", "surname": "vyiensky"}
Joseph Winogradoff	{"given-name": "Joseph", "surname": "Winogradoff"}	yusf (veynshteyn) vynogradov	{"given-name": "yusf", "alternative-name": "veynshteyn", "surname": "vynogradov"}
Herman Wohl	{"given-name": "Herman", "surname": "Wohl"}	herman (tsby) vohi	{"primary-name": "herman", "alternative-name": "tsby", "surname": "vohi"}
Simon Wolf	{"given-name": "Simon", "surname": "Wolf"}	seymon (shmkhh) vuif	{"given-name": "shmkhh", "alternative-name": "seymun", "surname": "vuif"}
Chaim Yablokoff	{"given-name": "Chaim", "surname": "Yablokoff"}	kheym (yavionyk) yaviokov	{"given-name": "kheym", "alternative-name": "yavionyk", "surname": "yviokov"}
Mozes Yakob	{"given-name": "Mozes", "surname": "Yakob"}	mozes (mshh-yekb) yakov	{"primary-name": "mozes", "given-name": "mshh", "alternative-name": "yekb", "surname": "yakov"}
Yakov ben Yekhezkel from Posnan	{"given-name": "Yakov", "patronymic": "ben Yekhezkel", "nisba": "from Posnan"}	ykb vh ykhzki mpuznn	{"given-name": "ykb", "middle-name": "ykhzki", "surname": "mpuznn", "patronymic": "bh"}
Lola Yakubovitsh	{"given-name": "Lola", "surname": "Yakubovitsh"}	ioia (siysh) yakuvovytsh	{"given-name": "ioia", "alternative-name": "siysh", "surname": "yakuvovytsh"}
Yasha Yanka	{"given-name": "Yasha", "surname": "Yanka"}	yasha (meytes) yanko	{"given-name": "yasha", "alternative-name": "meytes", "surname": "yanko"}
David Yanover	{"given-name": "David", "surname": "Yanover"}	dud yanover	{"given-name": "dud", "surname": "ynubr"}
Mordechai Yardeini	{"given-name": "Mordechai", "surname": "Yardeini"}	mrdkhy (moti sherman) yrdny	{"primary-name": "mrdkhy", "alternative-name": "moti", "surname": "sherman", "nisba": "yrdny"}
Zlata Yaroslavska	{"given-name": "Zlata", "surname": "Yaroslavska"}	ziate yarosiavska	{"primary-name": "ziate", "nisba": "yrusiavska"}
Hersh Yedvab	{"given-name": "Hersh", "surname": "Yedvab"}	hersh yedvav	{"primary-name": "hersh yedvav"}
Rosetta Yeger	{"given-name": "Rosetta", "surname": "Yeger"}	rozeta (pget) yeger	{"primary-name": "rozeta", "alternative-name": "pget", "surname": "yeger"}
Chava Yoelit	{"given-name": "Chava", "surname": "Yoelit"}	khuh (grynshpan) yoeiyt	{"given-name": "khuh", "alternative-name": "grynshpn", "surname": "yuiyt"}
Moshe Yofe	{"given-name": "Moshe", "surname": "Yofe"}	mshh (moysey) yoe	{"given-name": "mshh", "alternative-name": "moysey", "surname": "yoe"}
Nate Yongelson	{"given-name": "Nate", "surname": "Yongelson"}	neyt (nkhn) yongeison	{"given-name": "nkhn", "alternative-name": "neyt", "surname": "yongeison"}
Jacob Yongman	{"given-name": "Jacob", "surname": "Yongman"}	dzheykov (yekb yunkman) yongman	{"primary-name": "ddzheykov", "given-name": "yekb", "alternative-name": "yunkman", "surname": "yngman"}
Bernard Young	{"given-name": "Bernard", "surname": "Young"}	vernard (vuez yungvyts) yong	{"primary-name": "bernard", "given-name": "vuez", "alternative-name": "yungvyts", "surname": "yong"}
Yehuda Yulin	{"given-name": "Yehuda", "surname": "Yulin"}	yhudh (etman) yuiyn	{"primary-name": "yhudh", "alternative-name": "etman", "surname": "yuiyn"}
B. Yushzon	{"given-name": "B.", "surname": "Yushzon"}	v (mshh yustman) yushzon	{"given-name": "mshh", "alternative-name": "yustman", "surname": "yushzon", "salutation": "b"}
Tseshiya Zandberg	{"given-name": "Tseshiya", "surname": "Zandberg"}	tsesh (radoinyk) zandverg	{"given-name": "radoinyk", "alternative-name": "tsesh", "surname": "zandverg"}
Harry Zar	{"given-name": "Harry", "surname": "Zar"}	hery (gbryi zrshevsky) zar	{"given-name": "gbryi", "alternative-name": "hery", "surname": "zar", "nisba": "zrshevsky"}
Gitl Zaritska	{"given-name": "Gitl", "surname": "Zaritska"}	gyti (iyshyts-zeiyger) zarytsk	{"given-name": "gyti", "alternative-name": "iyshyts-zeiyger", "surname": "zarytsk"}
Paulina Zarzhevska	{"given-name": "Paulina", "surname": "Zarzhevska"}	puiyna (keier) zarshevsky	{"given-name": "uiyna", "alternative-name": "keier", "surname": "zarshevsky"}
Berta Zaslavska	{"given-name": "Berta", "surname": "Zaslavska"}	verta (vasye ievyn) zasiavska	{"given-name": "verta", "alternative-name": "vasye", "surname": "zasiavska"}
Vera Zaslavskaya	{"given-name": "Vera", "surname": "Zaslavskaya"}	voyera zasiavskaya	{"primary-name": "voyera zasiavskaya", "given-name": "voyera", "surname": "zasiavskaya"}
Rudolf Zaslavsky	{"given-name": "Rudolf", "surname": "Zaslavsky"}	rudoif (rubn-ieyb) zasiavsky	{"primary-name": "zasiavsky", "given-name": "rubn-ieyb", "alternative-name": "rudoif"}
Aaron Zeitlin	{"given-name": "Aaron", "surname": "Zeitlin"}	hrn (iyezr) tseytiyn	{"given-name": "hrn", "alternative-name": "iyezr", "surname": "tseytiyn"}
Lev Zeitlin	{"given-name": "Lev", "surname": "Zeitlin"}	iev (hrun-ieyv) tseytiyn	{"primary-name": "tseytn", "given-name": "hrun-ieyv", "alternative-name": "iev", "surname": "tseytiyn"}
Shifra Zeitlin	{"given-name": "Shifra", "surname": "Zeitlin"}	shrh tseytiyn	{"given-name": "shrh", "surname": "tseytiyn"}
Leyzer Zhelazo	{"given-name": "Leyzer", "surname": "Zhelazo"}	ieyzer (zheiazny) zheiaz	{"given-name": "ieyzer", "alternative-name": "zheiazny", "surname": "zheiz"}
Ela Zibel	{"given-name": "Ela", "surname": "Zibel"}	eia zyvei	{"primary-name": "eia zyvei", "given-name": "eia", "surname": "zyvei"}
Frida Zibel	{"given-name": "Frida", "surname": "Zibel"}	ryda (zhartovsky) zyvei	{"given-name": "ryda", "alternative-name": "zhartovsky", "surname": "zyvei"}
Willliam Zigenlaub	{"given-name": "Willliam", "surname": "Zigenlaub"}	vyiyam (voif) zygenioyv	{"given-name": "vyiyam", "alternative-name": "voif", "surname": "zygenioyv"}
Karl Zilber	{"given-name": "Karl", "surname": "Zilber"}	kari (kheym) zyiver	{"given-name": "kheym", "alternative-name": "kari", "surname": "zyiver"}
Samuel Zilberberg	{"given-name": "Samuel", "surname": "Zilberberg"}	semuei zyiververg	{"primary-name": "semuei zyiververg"}
Karl Zimbalist	{"given-name": "Karl", "surname": "Zimbalist"}	kari (ekyb) tsymbaiyst	{"primary-name": "tsymbaiyst", "given-name": "ekyb", "alternative-name": "kari"}
Eva Zimond	{"given-name": "Eva", "surname": "Zimond"}	yv (khuh-ssr shteysi) zymond	{"given-name": "yv", "alternative-name": "khuh-ssr", "surname": "zymond"}
Israel Zubak	{"given-name": "Israel", "surname": "Zubak"}	yshri zuvk	{"given-name": "yshri", "surname": "zuvk"}
Regina Zucker	{"given-name": "Regina", "surname": "Zucker"}	regyna (shvartsshteyn) tsuker	{"primary-name": "regyna", "alternative-name": "shvartsshteyn", "surname": "tsuker"}
Nathan Zylbercweig	{"given-name": "Nathan", "surname": "Zylbercweig"}	nsn zyivertsveyg	{"primary-name": "zyivertsveyg", "given-name": "nsn"}
Zalmen Zylbercweig	{"given-name": "Zalmen", "surname": "Zylbercweig"}	zimn zyivertsveyg	{"given-name": "zimn", "surname": "zyivertsveyg"}
Ela Zylberman	{"given-name": "Ela", "surname": "Zylberman"}	eia (zygier) zyiverman	{"given-name": "eia", "alternative-name": "zygier", "surname": "zyiverman"}
